Sr.No,Time,Crank Angle (deg),"Piston_Effort
FP1 (N)","Piston_Effort
FP2 (N)","Piston_Effort
FP3 (N)",Connecting_Rod_Force FQ1 (N),Connecting_Rod_Force FQ2 (N),Connecting_Rod_Force FQ3 (N),Shear Force Pin_1,Shear Force Pin_2,Shear Force Pin_3,Slider_Force_FN1,Slider_Force_FN2,Slider_Force_FN3,Torque Nmm,Power Nmm/sec
1,0.00E+00,0,-22224.49,-22200.07,-22144.55,22445.29,23185.89,22383.95,22224.49,22200.07,22144.55,2770,-6580,3650,16028.69,201422.459
2,1.39E-03,1,-22224.49,-22199.14,-22145.49,22433.3,23180.55,22401.23,22224.49,22199.14,22145.49,2660,-6570,3750,16002.9,201098.3723
3,2.78E-03,2,-22224.49,-22198.18,-22146.44,22421.7,23174.56,22418.76,22224.49,22198.18,22146.44,2560,-6550,3840,15969.57,200679.5352
4,4.17E-03,3,-22224.49,-22197.21,-22147.41,22410.5,23167.93,22436.53,22224.49,22197.21,22147.41,2460,-6540,3930,15928.73,200166.3246
5,5.56E-03,4,-22224.48,-22196.22,-22148.41,22399.7,23160.66,22454.53,22224.48,22196.22,22148.41,2350,-6520,4030,15880.44,199559.4946
6,6.94E-03,5,-22224.47,-22195.22,-22149.41,22389.33,23152.77,22472.73,22224.47,22195.22,22149.41,2250,-6500,4120,15824.76,198859.799
7,8.33E-03,6,-22224.47,-22194.2,-22150.44,22379.38,23144.27,22491.11,22224.47,22194.2,22150.44,2140,-6480,4210,15761.8,198068.6203
8,9.72E-03,7,-22224.46,-22193.17,-22151.48,22369.88,23135.15,22509.66,22224.46,22193.17,22151.48,2030,-6450,4290,15691.69,197187.5921
9,1.11E-02,8,-22224.45,-22192.13,-22152.53,22360.83,23125.45,22528.34,22224.45,22192.13,22152.53,1930,-6430,4380,15614.6,196218.8506
10,1.25E-02,9,-22224.44,-22191.07,-22153.6,22352.25,23115.16,22547.15,22224.44,22191.07,22153.6,1820,-6400,4470,15530.72,195164.7834
11,1.39E-02,10,-22224.43,-22189.99,-22154.68,22344.13,23104.29,22566.05,22224.43,22189.99,22154.68,1710,-6370,4550,15440.25,194027.9039
12,1.53E-02,11,-22224.42,-22188.91,-22155.77,22336.5,23092.88,22585.04,22224.42,22188.91,22155.77,1600,-6330,4630,15343.45,192811.4792
13,1.67E-02,12,-22224.41,-22187.81,-22156.87,22329.36,23080.91,22604.08,22224.41,22187.81,22156.87,1500,-6300,4720,15240.59,191518.9023
14,1.81E-02,13,-22224.4,-22186.71,-22157.99,22322.72,23068.42,22623.15,22224.4,22186.71,22157.99,1390,-6260,4800,15131.96,190153.8175
15,1.94E-02,14,-22224.39,-22185.59,-22159.11,22316.58,23055.42,22642.23,22224.39,22185.59,22159.11,1280,-6220,4880,15017.88,188720.2459
16,2.08E-02,15,-22224.38,-22184.47,-22160.24,22310.95,23041.92,22661.3,22224.38,22184.47,22160.24,1170,-6180,4950,14898.71,187222.7115
17,2.22E-02,16,-22224.37,-22183.33,-22161.38,22305.84,23027.94,22680.34,22224.37,22183.33,22161.38,1060,-6140,5030,14774.81,185665.7382
18,2.36E-02,17,-22224.36,-22182.19,-22162.53,22301.25,23013.5,22699.32,22224.36,22182.19,22162.53,949,-6090,5110,14646.57,184054.2268
19,2.50E-02,18,-22224.35,-22181.04,-22163.69,22297.19,22998.61,22718.22,22224.35,22181.04,22163.69,839,-6050,5180,14514.41,182393.4553
20,2.64E-02,19,-22224.34,-22179.88,-22164.85,22293.66,22983.3,22737.03,22224.34,22179.88,22164.85,729,-6000,5250,14378.75,180688.7015
21,2.78E-02,20,-22224.34,-22178.72,-22166.02,22290.67,22967.58,22755.7,22224.34,22178.72,22166.02,618,-5950,5320,14240.03,178945.4945
22,2.92E-02,21,-22224.33,-22177.55,-22167.19,22288.22,22951.48,22774.23,22224.33,22177.55,22167.19,508,-5900,5390,14098.72,177169.7407
23,3.06E-02,22,-22224.33,-22176.38,-22168.36,22286.3,22935.01,22792.6,22224.33,22176.38,22168.36,397,-5840,5460,13955.29,175367.3462
24,3.19E-02,23,-22224.33,-22175.21,-22169.54,22284.94,22918.19,22810.77,22224.33,22175.21,22169.54,286,-5790,5530,13810.22,173544.3428
25,3.33E-02,24,-22224.32,-22174.03,-22170.71,22284.12,22901.05,22828.72,22224.32,22174.03,22170.71,175,-5730,5590,13663.99,171706.7624
26,3.47E-02,25,-22224.32,-22172.86,-22171.89,22283.84,22883.6,22846.45,22224.32,22172.86,22171.89,64.4,-5670,5650,13517.11,169861.0139
27,3.61E-02,26,-22224.32,-22171.68,-22173.07,22284.11,22865.87,22863.91,22224.32,22171.68,22173.07,-46.5,-5610,5710,13370.07,168013.2548
28,3.75E-02,27,-22224.32,-22170.5,-22174.25,22284.93,22847.88,22881.09,22224.32,22170.5,22174.25,-157,-5540,5770,13223.36,166169.6425
29,3.89E-02,28,-22224.33,-22169.32,-22175.42,22286.3,22829.65,22897.98,22224.33,22169.32,22175.42,-268,-5480,5830,13077.49,164336.586
30,4.03E-02,29,-22224.33,-22168.15,-22176.6,22288.21,22811.21,22914.54,22224.33,22168.15,22176.6,-379,-5410,5890,12932.95,162520.2428
31,4.17E-02,30,-22224.33,-22166.97,-22177.77,22290.66,22792.57,22930.76,22224.33,22166.97,22177.77,-490,-5350,5940,12790.22,160726.6448
32,4.31E-02,31,-22224.34,-22165.8,-22178.93,22293.66,22773.75,22946.62,22224.34,22165.8,22178.93,-600,-5280,5990,12649.78,158961.8237
33,4.44E-02,32,-22224.35,-22164.64,-22180.09,22297.19,22754.79,22962.09,22224.35,22164.64,22180.09,-711,-5200,6040,12512.1,157231.6858
34,4.58E-02,33,-22224.35,-22163.48,-22181.25,22301.26,22735.7,22977.16,22224.35,22163.48,22181.25,-821,-5130,6090,12377.63,155541.8859
35,4.72E-02,34,-22224.36,-22162.32,-22182.4,22305.85,22716.51,22991.81,22224.36,22162.32,22182.4,-931,-5060,6140,12246.82,153898.079
36,4.86E-02,35,-22224.37,-22161.17,-22183.54,22310.98,22697.24,23006.02,22224.37,22161.17,22183.54,-1040,-4980,6180,12120.07,152305.2915
37,5.00E-02,36,-22224.38,-22160.03,-22184.67,22316.62,22677.91,23019.77,22224.38,22160.03,22184.67,-1150,-4910,6230,11997.8,150768.8014
38,5.14E-02,37,-22224.39,-22158.9,-22185.79,22322.78,22658.54,23033.05,22224.39,22158.9,22185.79,-1260,-4830,6270,11880.39,149293.3838
39,5.28E-02,38,-22224.4,-22157.78,-22186.91,22329.45,22639.16,23045.84,22224.4,22157.78,22186.91,-1370,-4750,6300,11768.19,147883.437
40,5.42E-02,39,-22224.41,-22156.67,-22188.01,22336.61,22619.79,23058.11,22224.41,22156.67,22188.01,-1480,-4670,6340,11661.55,146543.3592
41,5.56E-02,40,-22224.42,-22155.57,-22189.11,22344.28,22600.44,23069.87,22224.42,22155.57,22189.11,-1590,-4580,6380,11560.78,145277.0461
42,5.69E-02,41,-22224.43,-22154.48,-22190.19,22352.42,22581.16,23081.08,22224.43,22154.48,22190.19,-1690,-4500,6410,11466.16,144088.0161
43,5.83E-02,42,-22224.44,-22153.4,-22191.26,22361.05,22561.94,23091.75,22224.44,22153.4,22191.26,-1800,-4420,6440,11377.95,142979.5365
44,5.97E-02,43,-22224.45,-22152.33,-22192.31,22370.15,22542.83,23101.84,22224.45,22152.33,22192.31,-1910,-4330,6470,11296.39,141954.6233
45,6.11E-02,44,-22224.46,-22151.28,-22193.36,22379.7,22523.83,23111.36,22224.46,22151.28,22193.36,-2020,-4240,6490,11221.67,141015.6641
46,6.25E-02,45,-22224.47,-22150.25,-22194.39,22389.7,22504.97,23120.29,22224.47,22150.25,22194.39,-2120,-4160,6520,11153.98,140165.0465
47,6.39E-02,46,-22224.48,-22149.22,-22195.4,22400.14,22486.27,23128.62,22224.48,22149.22,22195.4,-2230,-4070,6540,11093.47,139404.6554
48,6.53E-02,47,-22224.48,-22148.22,-22196.4,22411.01,22467.75,23136.34,22224.48,22148.22,22196.4,-2330,-3980,6560,11040.25,138735.8732
49,6.67E-02,48,-22224.49,-22147.23,-22197.39,22422.3,22449.43,23143.45,22224.49,22147.23,22197.39,-2440,-3880,6580,10994.41,138159.8307
50,6.81E-02,49,-22224.49,-22146.26,-22198.35,22433.98,22431.34,23149.92,22224.49,22146.26,22198.35,-2540,-3790,6590,10956.02,137677.4078
51,6.94E-02,50,-22224.49,-22145.31,-22199.31,22446.06,22413.48,23155.76,22224.49,22145.31,22199.31,-2640,-3700,6610,10925.12,137289.1069
52,7.08E-02,51,-22224.49,-22144.38,-22200.24,22458.51,22395.89,23160.96,22224.49,22144.38,22200.24,-2750,-3600,6620,10901.71,136994.9282
53,7.22E-02,52,-22224.49,-22143.46,-22201.16,22471.33,22378.57,23165.51,22224.49,22143.46,22201.16,-2850,-3510,6630,10885.78,136794.7459
54,7.36E-02,53,-22224.49,-22142.57,-22202.06,22484.49,22361.55,23169.41,22224.49,22142.57,22202.06,-2950,-3410,6630,10877.28,136687.9318
55,7.50E-02,54,-22224.48,-22141.69,-22202.94,22498,22344.84,23172.66,22224.48,22141.69,22202.94,-3050,-3310,6640,10876.16,136673.8574
56,7.64E-02,55,-22224.47,-22140.84,-22203.8,22511.81,22328.47,23175.25,22224.47,22140.84,22203.8,-3150,-3220,6640,10882.32,136751.2663
57,7.78E-02,56,-22224.45,-22140.01,-22204.65,22525.94,22312.44,23177.18,22224.45,22140.01,22204.65,-3250,-3120,6640,10895.65,136918.776
58,7.92E-02,57,-22224.44,-22139.2,-22205.47,22540.35,22296.79,23178.45,22224.44,22139.2,22205.47,-3350,-3020,6640,10916.03,137174.8786
59,8.06E-02,58,-22224.42,-22138.42,-22206.28,22555.03,22281.51,23179.07,22224.42,22138.42,22206.28,-3440,-2920,6630,10943.3,137517.5635
60,8.19E-02,59,-22224.39,-22137.66,-22207.06,22569.96,22266.63,23179.03,22224.39,22137.66,22207.06,-3540,-2820,6630,10977.31,137944.9458
61,8.33E-02,60,-22224.36,-22136.92,-22207.83,22585.13,22252.17,23178.33,22224.36,22136.92,22207.83,-3640,-2720,6620,11017.86,138454.5121
62,8.47E-02,61,-22224.32,-22136.2,-22208.58,22600.52,22238.13,23176.98,22224.32,22136.2,22208.58,-3730,-2610,6610,11064.76,139043.8749
63,8.61E-02,62,-22224.28,-22135.52,-22209.31,22616.11,22224.53,23174.99,22224.28,22135.52,22209.31,-3820,-2510,6590,11117.8,139710.3952
64,8.75E-02,63,-22224.24,-22134.85,-22210.01,22631.89,22211.39,23172.35,22224.24,22134.85,22210.01,-3920,-2410,6580,11176.76,140451.3084
65,8.89E-02,64,-22224.18,-22134.22,-22210.7,22647.82,22198.72,23169.08,22224.18,22134.22,22210.7,-4010,-2300,6560,11241.41,141263.7243
66,9.03E-02,65,-22224.12,-22133.6,-22211.37,22663.9,22186.52,23165.18,22224.12,22133.6,22211.37,-4100,-2200,6540,11311.51,142144.6269
67,9.17E-02,66,-22224.06,-22133.02,-22212.02,22680.1,22174.82,23160.66,22224.06,22133.02,22212.02,-4190,-2090,6520,11386.8,143090.7489
68,9.31E-02,67,-22223.98,-22132.46,-22212.65,22696.41,22163.63,23155.52,22223.98,22132.46,22212.65,-4280,-1990,6500,11467.05,144099.2002
69,9.44E-02,68,-22223.9,-22131.93,-22213.26,22712.8,22152.95,23149.79,22223.9,22131.93,22213.26,-4360,-1880,6470,11551.97,145166.3363
70,9.58E-02,69,-22223.81,-22131.43,-22213.85,22729.25,22142.79,23143.46,22223.81,22131.43,22213.85,-4450,-1770,6440,11641.32,146289.1416
71,9.72E-02,70,-22223.72,-22130.96,-22214.41,22745.75,22133.18,23136.55,22223.72,22130.96,22214.41,-4530,-1670,6410,11734.83,147464.2229
72,9.86E-02,71,-22223.61,-22130.51,-22214.96,22762.26,22124.1,23129.08,22223.61,22130.51,22214.96,-4620,-1560,6380,11832.22,148688.0617
73,1.00E-01,72,-22223.5,-22130.09,-22215.49,22778.78,22115.58,23121.04,22223.5,22130.09,22215.49,-4700,-1450,6350,11933.24,149957.5165
74,1.01E-01,73,-22223.37,-22129.71,-22216.01,22795.28,22107.62,23112.47,22223.37,22129.71,22216.01,-4780,-1340,6310,12037.6,151268.9429
75,1.03E-01,74,-22223.24,-22129.35,-22216.5,22811.73,22100.23,23103.37,22223.24,22129.35,22216.5,-4860,-1230,6270,12145.04,152619.0738
76,1.04E-01,75,-22223.09,-22129.02,-22216.97,22828.13,22093.42,23093.76,22223.09,22129.02,22216.97,-4940,-1130,6230,12255.29,154004.5161
77,1.06E-01,76,-22222.93,-22128.72,-22217.43,22844.43,22087.19,23083.65,22222.93,22128.72,22217.43,-5010,-1020,6190,12368.08,155421.8771
78,1.07E-01,77,-22222.77,-22128.45,-22217.86,22860.63,22081.55,23073.06,22222.77,22128.45,22217.86,-5090,-908,6140,12483.15,156867.8893
79,1.08E-01,78,-22222.59,-22128.21,-22218.28,22876.7,22076.5,23062.01,22222.59,22128.21,22218.28,-5160,-798,6100,12600.23,158339.16
80,1.10E-01,79,-22222.39,-22127.99,-22218.68,22892.62,22072.05,23050.51,22222.39,22127.99,22218.68,-5230,-689,6050,12719.06,159832.4218
81,1.11E-01,80,-22222.19,-22127.81,-22219.06,22908.37,22068.2,23038.59,22222.19,22127.81,22219.06,-5310,-579,6000,12839.38,161344.4075
82,1.13E-01,81,-22221.97,-22127.66,-22219.43,22923.92,22064.96,23026.25,22221.97,22127.66,22219.43,-5370,-469,5950,12960.92,162871.7242
83,1.14E-01,82,-22221.74,-22127.55,-22219.78,22939.26,22062.33,23013.52,22221.74,22127.55,22219.78,-5440,-359,5890,13083.44,164411.356
84,1.15E-01,83,-22221.5,-22127.46,-22220.11,22954.36,22060.31,23000.43,22221.5,22127.46,22220.11,-5510,-249,5840,13206.67,165959.9098
85,1.17E-01,84,-22221.24,-22127.4,-22220.43,22969.2,22058.9,22986.98,22221.24,22127.4,22220.43,-5570,-138,5780,13330.36,167514.2442
86,1.18E-01,85,-22220.97,-22127.37,-22220.73,22983.76,22058.1,22973.2,22220.97,22127.37,22220.73,-5630,-28.2,5720,13454.26,169071.2175
87,1.19E-01,86,-22220.68,-22127.37,-22221.01,22998.02,22057.93,22959.11,22220.68,22127.37,22221.01,-5690,82.1,5660,13578.12,170627.6882
88,1.21E-01,87,-22220.37,-22127.41,-22221.29,23011.96,22058.36,22944.73,22220.37,22127.41,22221.29,-5750,192,5600,13701.67,172180.2633
89,1.22E-01,88,-22220.05,-22127.47,-22221.54,23025.56,22059.41,22930.08,22220.05,22127.47,22221.54,-5810,302,5530,13824.68,173726.0525
90,1.24E-01,89,-22219.72,-22127.56,-22221.78,23038.8,22061.08,22915.18,22219.72,22127.56,22221.78,-5870,413,5470,13946.88,175261.663
91,1.25E-01,90,-22219.37,-22127.69,-22222.01,23051.65,22063.35,22900.05,22219.37,22127.69,22222.01,-5920,523,5400,14068.02,176783.9531
92,1.26E-01,91,-22219,-22127.84,-22222.23,23064.11,22066.24,22884.72,22219,22127.84,22222.23,-5970,633,5330,14187.86,178289.907
93,1.28E-01,92,-22218.61,-22128.03,-22222.43,23076.14,22069.73,22869.21,22218.61,22128.03,22222.43,-6020,742,5260,14306.13,179776.1316
94,1.29E-01,93,-22218.21,-22128.25,-22222.62,23087.74,22073.83,22853.53,22218.21,22128.25,22222.62,-6070,852,5190,14422.57,181239.3598
95,1.31E-01,94,-22217.79,-22128.49,-22222.8,23098.88,22078.52,22837.71,22217.79,22128.49,22222.8,-6120,961,5110,14536.95,182676.7013
96,1.32E-01,95,-22217.35,-22128.77,-22222.96,23109.55,22083.81,22821.77,22217.35,22128.77,22222.96,-6160,1070,5040,14648.98,184084.5118
97,1.33E-01,96,-22216.89,-22129.07,-22223.12,23119.73,22089.68,22805.74,22216.89,22129.07,22223.12,-6200,1180,4960,14758.42,185459.7754
98,1.35E-01,97,-22216.41,-22129.41,-22223.26,23129.4,22096.14,22789.63,22216.41,22129.41,22223.26,-6240,1290,4880,14865,186799.0992
99,1.36E-01,98,-22215.92,-22129.77,-22223.39,23138.54,22103.18,22773.46,22215.92,22129.77,22223.39,-6280,1400,4800,14968.46,188099.2159
100,1.38E-01,99,-22215.4,-22130.17,-22223.52,23147.16,22110.79,22757.27,22215.4,22130.17,22223.52,-6320,1500,4720,15068.54,189356.8583
101,1.39E-01,100,-22214.87,-22130.59,-22223.63,23155.22,22118.96,22741.06,22214.87,22130.59,22223.63,-6350,1610,4640,15164.98,190568.759
102,1.40E-01,101,-22214.31,-22131.04,-22223.73,23162.71,22127.68,22724.86,22214.31,22131.04,22223.73,-6380,1720,4560,15257.52,191731.651
103,1.42E-01,102,-22213.74,-22131.52,-22223.83,23169.63,22136.95,22708.69,22213.74,22131.52,22223.83,-6410,1830,4470,15345.89,192842.1411
104,1.43E-01,103,-22213.15,-22132.03,-22223.92,23175.96,22146.76,22692.58,22213.15,22132.03,22223.92,-6440,1930,4390,15429.83,193896.9623
105,1.44E-01,104,-22212.54,-22132.56,-22224,23181.68,22157.09,22676.53,22212.54,22132.56,22224,-6460,2040,4300,15509.09,194892.9728
106,1.46E-01,105,-22211.9,-22133.12,-22224.07,23186.8,22167.94,22660.58,22211.9,22133.12,22224.07,-6490,2150,4210,15583.42,195827.0312
107,1.47E-01,106,-22211.25,-22133.71,-22224.13,23191.29,22179.29,22644.74,22211.25,22133.71,22224.13,-6510,2250,4120,15652.57,196695.9957
108,1.49E-01,107,-22210.58,-22134.33,-22224.19,23195.16,22191.14,22629.04,22210.58,22134.33,22224.19,-6530,2360,4030,15716.29,197496.7248
109,1.50E-01,108,-22209.89,-22134.97,-22224.24,23198.38,22203.47,22613.48,22209.89,22134.97,22224.24,-6550,2460,3940,15774.34,198226.2026
110,1.51E-01,109,-22209.18,-22135.64,-22224.29,23200.97,22216.27,22598.1,22209.18,22135.64,22224.29,-6560,2560,3850,15826.51,198881.7902
111,1.53E-01,110,-22208.45,-22136.33,-22224.33,23202.9,22229.53,22582.91,22208.45,22136.33,22224.33,-6570,2670,3750,15872.56,199460.4716
112,1.54E-01,111,-22207.69,-22137.05,-22224.36,23204.18,22243.23,22567.92,22207.69,22137.05,22224.36,-6580,2770,3660,15912.3,199959.8591
113,1.56E-01,112,-22206.92,-22137.79,-22224.39,23204.79,22257.36,22553.16,22206.92,22137.79,22224.39,-6590,2870,3560,15945.53,200377.4396
114,1.57E-01,113,-22206.13,-22138.56,-22224.42,23204.75,22271.9,22538.65,22206.13,22138.56,22224.42,-6600,2970,3460,15972.06,200710.8254
115,1.58E-01,114,-22205.32,-22139.35,-22224.44,23204.04,22286.84,22524.39,22205.32,22139.35,22224.44,-6600,3070,3370,15991.72,200957.8803
116,1.60E-01,115,-22204.49,-22140.16,-22224.46,23202.66,22302.17,22510.42,22204.49,22140.16,22224.46,-6600,3170,3270,16004.38,201116.9705
117,1.61E-01,116,-22203.65,-22140.99,-22224.47,23200.62,22317.86,22496.73,22203.65,22140.99,22224.47,-6600,3270,3170,16009.88,201186.0856
118,1.63E-01,117,-22202.78,-22141.85,-22224.48,23197.91,22333.9,22483.36,22202.78,22141.85,22224.48,-6600,3370,3070,16008.13,201164.0944
119,1.64E-01,118,-22201.9,-22142.73,-22224.49,23194.54,22350.28,22470.32,22201.9,22142.73,22224.49,-6600,3460,2970,15999.02,201049.6148
120,1.65E-01,119,-22200.99,-22143.62,-22224.49,23190.51,22366.98,22457.61,22200.99,22143.62,22224.49,-6590,3560,2870,15982.49,200841.8927
121,1.67E-01,120,-22200.07,-22144.54,-22224.49,23185.82,22383.97,22445.26,22200.07,22144.54,22224.49,-6580,3650,2770,15958.49,200540.2998
122,1.68E-01,121,-22199.13,-22145.48,-22224.49,23180.47,22401.24,22433.28,22199.13,22145.48,22224.49,-6570,3750,2660,15926.98,200144.3334
123,1.69E-01,122,-22198.18,-22146.43,-22224.49,23174.48,22418.78,22421.68,22198.18,22146.43,22224.49,-6550,3840,2560,15887.98,199654.245
124,1.71E-01,123,-22197.21,-22147.41,-22224.49,23167.85,22436.56,22410.48,22197.21,22147.41,22224.49,-6540,3930,2460,15841.51,199070.2858
125,1.72E-01,124,-22196.22,-22148.4,-22224.48,23160.58,22454.56,22399.68,22196.22,22148.4,22224.48,-6520,4030,2350,15787.61,198392.9584
126,1.74E-01,125,-22195.22,-22149.41,-22224.47,23152.69,22472.76,22389.31,22195.22,22149.41,22224.47,-6500,4120,2250,15726.39,197623.6452
127,1.75E-01,126,-22194.2,-22150.43,-22224.46,23144.19,22491.15,22379.36,22194.2,22150.43,22224.46,-6480,4210,2140,15657.93,196763.3514
128,1.76E-01,127,-22193.17,-22151.47,-22224.46,23135.07,22509.69,22369.86,22193.17,22151.47,22224.46,-6450,4290,2030,15582.37,195813.8365
129,1.78E-01,128,-22192.12,-22152.52,-22224.45,23125.37,22528.38,22360.82,22192.12,22152.52,22224.45,-6430,4380,1930,15499.89,194777.3622
130,1.79E-01,129,-22191.06,-22153.59,-22224.44,23115.07,22547.19,22352.23,22191.06,22153.59,22224.44,-6400,4470,1820,15410.67,193656.1906
131,1.81E-01,130,-22189.99,-22154.67,-22224.43,23104.21,22566.1,22344.12,22189.99,22154.67,22224.43,-6370,4550,1710,15314.94,192453.212
132,1.82E-01,131,-22188.91,-22155.76,-22224.42,23092.79,22585.09,22336.49,22188.91,22155.76,22224.42,-6330,4630,1600,15212.93,191171.3165
133,1.83E-01,132,-22187.81,-22156.87,-22224.41,23080.83,22604.13,22329.35,22187.81,22156.87,22224.41,-6300,4720,1500,15104.93,189814.1485
134,1.85E-01,133,-22186.71,-22157.98,-22224.4,23068.34,22623.21,22322.71,22186.71,22157.98,22224.4,-6260,4800,1390,14991.24,188385.4778
135,1.86E-01,134,-22185.59,-22159.1,-22224.39,23055.34,22642.29,22316.57,22185.59,22159.1,22224.39,-6220,4880,1280,14872.17,186889.2001
136,1.88E-01,135,-22184.46,-22160.24,-22224.38,23041.84,22661.37,22310.94,22184.46,22160.24,22224.38,-6180,4950,1170,14748.09,185329.9648
137,1.89E-01,136,-22183.33,-22161.38,-22224.37,23027.86,22680.41,22305.83,22183.33,22161.38,22224.37,-6140,5030,1060,14619.36,183712.2959
138,1.90E-01,137,-22182.19,-22162.53,-22224.36,23013.41,22699.4,22301.24,22182.19,22162.53,22224.36,-6090,5110,949,14486.38,182041.2199
139,1.92E-01,138,-22181.04,-22163.68,-22224.35,22998.53,22718.3,22297.18,22181.04,22163.68,22224.35,-6050,5180,839,14349.55,180321.7634
140,1.93E-01,139,-22179.88,-22164.85,-22224.34,22983.22,22737.11,22293.66,22179.88,22164.85,22224.34,-6000,5250,729,14209.32,178559.5813
141,1.94E-01,140,-22178.72,-22166.01,-22224.34,22967.5,22755.79,22290.66,22178.72,22166.01,22224.34,-5950,5320,618,14066.13,176760.2027
142,1.96E-01,141,-22177.55,-22167.18,-22224.33,22951.4,22774.33,22288.21,22177.55,22167.18,22224.33,-5900,5390,508,13920.44,174929.4082
143,1.97E-01,142,-22176.38,-22168.36,-22224.33,22934.92,22792.69,22286.3,22176.38,22168.36,22224.33,-5840,5460,397,13772.73,173073.2296
144,1.99E-01,143,-22175.21,-22169.53,-22224.33,22918.11,22810.87,22284.93,22175.21,22169.53,22224.33,-5790,5530,286,13623.48,171197.6987
145,2.00E-01,144,-22174.03,-22170.71,-22224.32,22900.97,22828.83,22284.11,22174.03,22170.71,22224.32,-5730,5590,175,13473.17,169308.8476
146,2.01E-01,145,-22172.85,-22171.89,-22224.32,22883.52,22846.55,22283.84,22172.85,22171.89,22224.32,-5670,5650,64.4,13322.32,167413.2106
147,2.03E-01,146,-22171.68,-22173.07,-22224.32,22865.79,22864.02,22284.11,22171.68,22173.07,22224.32,-5610,5710,-46.5,13171.41,165516.8196
148,2.04E-01,147,-22170.5,-22174.25,-22224.32,22847.8,22881.21,22284.93,22170.5,22174.25,22224.32,-5540,5770,-157,13020.95,163626.0835
149,2.06E-01,148,-22169.32,-22175.42,-22224.33,22829.57,22898.1,22286.29,22169.32,22175.42,22224.33,-5480,5830,-268,12871.43,161747.1597
150,2.07E-01,149,-22168.14,-22176.59,-22224.33,22811.13,22914.66,22288.2,22168.14,22176.59,22224.33,-5410,5890,-379,12723.36,159886.4572
151,2.08E-01,150,-22166.97,-22177.76,-22224.33,22792.49,22930.89,22290.66,22166.97,22177.76,22224.33,-5340,5940,-490,12577.21,158049.8822
152,2.10E-01,151,-22165.8,-22178.93,-22224.34,22773.68,22946.75,22293.65,22165.8,22178.93,22224.34,-5280,5990,-600,12433.47,156243.592
153,2.11E-01,152,-22164.64,-22180.09,-22224.34,22754.72,22962.23,22297.19,22164.64,22180.09,22224.34,-5200,6040,-711,12292.61,154473.4931
154,2.13E-01,153,-22163.48,-22181.25,-22224.35,22735.63,22977.3,22301.25,22163.48,22181.25,22224.35,-5130,6090,-821,12155.08,152745.2401
155,2.14E-01,154,-22162.32,-22182.39,-22224.36,22716.44,22991.96,22305.85,22162.32,22182.39,22224.36,-5060,6140,-931,12021.33,151064.4881
156,2.15E-01,155,-22161.17,-22183.54,-22224.37,22697.17,23006.17,22310.97,22161.17,22183.54,22224.37,-4980,6180,-1040,11891.76,149436.2634
157,2.17E-01,156,-22160.03,-22184.67,-22224.38,22677.84,23019.93,22316.61,22160.03,22184.67,22224.38,-4910,6230,-1150,11766.8,147865.9697
158,2.18E-01,157,-22158.9,-22185.79,-22224.39,22658.47,23033.21,22322.77,22158.9,22185.79,22224.39,-4830,6270,-1260,11646.81,146358.1309
159,2.19E-01,158,-22157.78,-22186.91,-22224.4,22639.09,23046,22329.44,22157.78,22186.91,22224.4,-4750,6310,-1370,11532.17,144917.5222
160,2.21E-01,159,-22156.67,-22188.01,-22224.41,22619.72,23058.28,22336.6,22156.67,22188.01,22224.41,-4670,6340,-1480,11423.21,143548.2905
161,2.22E-01,160,-22155.57,-22189.11,-22224.42,22600.38,23070.03,22344.27,22155.57,22189.11,22224.42,-4580,6380,-1590,11320.24,142254.3313
162,2.24E-01,161,-22154.47,-22190.19,-22224.43,22581.09,23081.25,22352.41,22154.47,22190.19,22224.43,-4500,6410,-1690,11223.55,141039.2889
163,2.25E-01,162,-22153.4,-22191.26,-22224.44,22561.88,23091.92,22361.04,22153.4,22191.26,22224.44,-4420,6440,-1800,11133.39,139906.3049
164,2.26E-01,163,-22152.33,-22192.31,-22224.45,22542.77,23102.02,22370.13,22152.33,22192.31,22224.45,-4330,6470,-1910,11050.01,138858.521
165,2.28E-01,164,-22151.28,-22193.36,-22224.46,22523.77,23111.54,22379.68,22151.28,22193.36,22224.46,-4240,6490,-2010,10973.61,137898.4502
166,2.29E-01,165,-22150.25,-22194.39,-22224.47,22504.91,23120.48,22389.69,22150.25,22194.39,22224.47,-4150,6520,-2120,10904.36,137028.2291
167,2.31E-01,166,-22149.22,-22195.4,-22224.47,22486.21,23128.81,22400.13,22149.22,22195.4,22224.47,-4070,6540,-2230,10842.4,136249.6167
168,2.32E-01,167,-22148.22,-22196.4,-22224.48,22467.7,23136.53,22410.99,22148.22,22196.4,22224.48,-3970,6560,-2330,10787.87,135564.3726
169,2.33E-01,168,-22147.23,-22197.39,-22224.49,22449.38,23143.64,22422.27,22147.23,22197.39,22224.49,-3880,6580,-2440,10740.84,134973.3761
170,2.35E-01,169,-22146.26,-22198.35,-22224.49,22431.29,23150.11,22433.96,22146.26,22198.35,22224.49,-3790,6590,-2540,10701.39,134477.6328
171,2.36E-01,170,-22145.31,-22199.31,-22224.49,22413.43,23155.95,22446.03,22145.31,22199.31,22224.49,-3700,6610,-2640,10669.54,134077.3939
172,2.38E-01,171,-22144.38,-22200.24,-22224.49,22395.84,23161.16,22458.49,22144.38,22200.24,22224.49,-3600,6620,-2750,10645.32,133773.0364
173,2.39E-01,172,-22143.46,-22201.16,-22224.49,22378.52,23165.71,22471.3,22143.46,22201.16,22224.49,-3510,6630,-2850,10628.69,133564.0577
174,2.40E-01,173,-22142.57,-22202.06,-22224.49,22361.5,23169.61,22484.47,22142.57,22202.06,22224.49,-3410,6630,-2950,10619.61,133449.955
175,2.42E-01,174,-22141.69,-22202.94,-22224.48,22344.8,23172.86,22497.96,22141.69,22202.94,22224.48,-3310,6640,-3050,10618.03,133430.1002
176,2.43E-01,175,-22140.84,-22203.8,-22224.47,22328.43,23175.45,22511.78,22140.84,22203.8,22224.47,-3220,6640,-3150,10623.85,133503.2365
177,2.44E-01,176,-22140.01,-22204.65,-22224.45,22312.41,23177.39,22525.9,22140.01,22204.65,22224.45,-3120,6640,-3250,10636.96,133667.9816
178,2.46E-01,177,-22139.2,-22205.47,-22224.44,22296.75,23178.66,22540.31,22139.2,22205.47,22224.44,-3020,6640,-3350,10657.23,133922.7019
179,2.47E-01,178,-22138.42,-22206.28,-22224.41,22281.47,23179.28,22554.99,22138.42,22206.28,22224.41,-2920,6630,-3440,10684.51,134265.5125
180,2.49E-01,179,-22137.66,-22207.07,-22224.39,22266.6,23179.24,22569.92,22137.66,22207.07,22224.39,-2820,6630,-3540,10718.63,134694.2771
181,2.50E-01,180,-22136.92,-22207.83,-22224.36,22252.13,23178.54,22585.09,22136.92,22207.83,22224.36,-2710,6620,-3640,10759.4,135206.608
182,2.51E-01,181,-22136.21,-22208.58,-22224.32,22238.1,23177.19,22600.48,22136.21,22208.58,22224.32,-2610,6610,-3730,10806.63,135800.1177
183,2.53E-01,182,-22135.52,-22209.31,-22224.28,22224.5,23175.2,22616.07,22135.52,22209.31,22224.28,-2510,6600,-3820,10860.12,136472.2928
184,2.54E-01,183,-22134.85,-22210.02,-22224.23,22211.36,23172.56,22631.84,22134.85,22210.02,22224.23,-2410,6580,-3920,10919.62,137219.9919
185,2.56E-01,184,-22134.22,-22210.71,-22224.18,22198.69,23169.29,22647.77,22134.22,22210.71,22224.18,-2300,6560,-4010,10984.91,138040.4502
186,2.57E-01,185,-22133.61,-22211.37,-22224.12,22186.5,23165.39,22663.84,22133.61,22211.37,22224.12,-2200,6540,-4100,11055.76,138930.7776
187,2.58E-01,186,-22133.02,-22212.02,-22224.06,22174.8,23160.87,22680.04,22133.02,22212.02,22224.06,-2090,6520,-4190,11131.89,139887.4554
188,2.60E-01,187,-22132.47,-22212.65,-22223.98,22163.61,23155.74,22696.35,22132.47,22212.65,22223.98,-1990,6500,-4280,11213.07,140907.5933
189,2.61E-01,188,-22131.94,-22213.26,-22223.9,22152.93,23150,22712.73,22131.94,22213.26,22223.9,-1880,6470,-4360,11299.03,141987.7986
190,2.63E-01,189,-22131.43,-22213.85,-22223.81,22142.78,23143.67,22729.19,22131.43,22213.85,22223.81,-1770,6440,-4450,11389.5,143124.6781
191,2.64E-01,190,-22130.96,-22214.42,-22223.71,22133.16,23136.76,22745.68,22130.96,22214.42,22223.71,-1670,6410,-4530,11484.22,144314.9647
192,2.65E-01,191,-22130.51,-22214.97,-22223.61,22124.09,23129.29,22762.19,22130.51,22214.97,22223.61,-1560,6380,-4620,11582.9,145555.0142
193,2.67E-01,192,-22130.1,-22215.5,-22223.49,22115.57,23121.26,22778.71,22130.1,22215.5,22223.49,-1450,6350,-4700,11685.3,146841.8105
194,2.68E-01,193,-22129.71,-22216.01,-22223.37,22107.61,23112.68,22795.2,22129.71,22216.01,22223.37,-1340,6310,-4780,11791.12,148171.5839
195,2.69E-01,194,-22129.35,-22216.5,-22223.23,22100.22,23103.58,22811.66,22129.35,22216.5,22223.23,-1230,6270,-4860,11900.1,149541.0669
196,2.71E-01,195,-22129.02,-22216.97,-22223.09,22093.41,23093.97,22828.05,22129.02,22216.97,22223.09,-1130,6230,-4940,12011.96,150946.7412
197,2.72E-01,196,-22128.72,-22217.43,-22222.93,22087.18,23083.86,22844.35,22128.72,22217.43,22222.93,-1020,6190,-5010,12126.45,152385.4649
198,2.74E-01,197,-22128.45,-22217.86,-22222.76,22081.54,23073.27,22860.55,22128.45,22217.86,22222.76,-907,6140,-5090,12243.28,153853.594
199,2.75E-01,198,-22128.21,-22218.28,-22222.58,22076.49,23062.21,22876.61,22128.21,22218.28,22222.58,-798,6100,-5160,12362.19,155347.8611
200,2.76E-01,199,-22128,-22218.68,-22222.39,22072.05,23050.71,22892.53,22128,22218.68,22222.39,-688,6050,-5230,12482.91,156864.8734
201,2.78E-01,200,-22127.82,-22219.07,-22222.19,22068.2,23038.78,22908.28,22127.82,22219.07,22222.19,-578,6000,-5300,12605.19,158401.4892
202,2.79E-01,201,-22127.67,-22219.43,-22221.97,22064.96,23026.45,22923.83,22127.67,22219.43,22221.97,-469,5950,-5370,12728.76,159954.3156
203,2.81E-01,202,-22127.55,-22219.78,-22221.74,22062.33,23013.72,22939.16,22127.55,22219.78,22221.74,-359,5890,-5440,12853.36,161520.0854
204,2.82E-01,203,-22127.46,-22220.11,-22221.5,22060.31,23000.62,22954.26,22127.46,22220.11,22221.5,-248,5840,-5510,12978.74,163095.6569
205,2.83E-01,204,-22127.4,-22220.43,-22221.24,22058.9,22987.17,22969.1,22127.4,22220.43,22221.24,-138,5780,-5570,13104.63,164677.6373
206,2.85E-01,205,-22127.37,-22220.73,-22220.96,22058.11,22973.39,22983.66,22127.37,22220.73,22220.96,-28,5720,-5630,13230.77,166262.7593
207,2.86E-01,206,-22127.38,-22221.02,-22220.68,22057.93,22959.29,22997.92,22127.38,22221.02,22220.68,82.3,5660,-5690,13356.93,167848.1327
208,2.88E-01,207,-22127.41,-22221.29,-22220.37,22058.37,22944.91,23011.86,22127.41,22221.29,22220.37,192,5600,-5750,13482.83,169430.2387
209,2.89E-01,208,-22127.47,-22221.54,-22220.05,22059.42,22930.26,23025.45,22127.47,22221.54,22220.05,303,5530,-5810,13608.23,171006.0616
210,2.90E-01,209,-22127.57,-22221.79,-22219.72,22061.09,22915.35,23038.69,22127.57,22221.79,22219.72,413,5470,-5870,13732.86,172572.2084
211,2.92E-01,210,-22127.69,-22222.01,-22219.36,22063.36,22900.22,23051.54,22127.69,22222.01,22219.36,523,5400,-5920,13856.49,174125.7888
212,2.93E-01,211,-22127.85,-22222.23,-22218.99,22066.25,22884.89,23063.99,22127.85,22222.23,22218.99,633,5330,-5970,13978.84,175663.2842
213,2.94E-01,212,-22128.03,-22222.43,-22218.61,22069.74,22869.37,23076.02,22128.03,22222.43,22218.61,742,5260,-6020,14099.67,177181.6788
214,2.96E-01,213,-22128.25,-22222.62,-22218.2,22073.84,22853.69,23087.62,22128.25,22222.62,22218.2,852,5190,-6070,14218.71,178677.5795
215,2.97E-01,214,-22128.5,-22222.8,-22217.78,22078.53,22837.87,23098.76,22128.5,22222.8,22217.78,962,5110,-6110,14335.71,180147.8449
216,2.99E-01,215,-22128.77,-22222.96,-22217.34,22083.82,22821.93,23109.42,22128.77,22222.96,22217.34,1070,5040,-6160,14450.4,181589.0819
217,3.00E-01,216,-22129.08,-22223.12,-22216.89,22089.7,22805.89,23119.6,22129.08,22223.12,22216.89,1180,4960,-6200,14562.53,182998.1491
218,3.01E-01,217,-22129.41,-22223.26,-22216.41,22096.16,22789.78,23129.27,22129.41,22223.26,22216.41,1290,4880,-6240,14671.83,184371.6534
219,3.03E-01,218,-22129.78,-22223.4,-22215.91,22103.2,22773.61,23138.41,22129.78,22223.4,22215.91,1400,4800,-6280,14778.04,185706.3276
220,3.04E-01,219,-22130.17,-22223.52,-22215.4,22110.81,22757.41,23147.02,22130.17,22223.52,22215.4,1500,4720,-6320,14880.89,186998.7788
221,3.06E-01,220,-22130.59,-22223.63,-22214.87,22118.98,22741.2,23155.08,22130.59,22223.63,22214.87,1610,4640,-6350,14980.13,188245.8654
222,3.07E-01,221,-22131.04,-22223.74,-22214.31,22127.7,22724.99,23162.58,22131.04,22223.74,22214.31,1720,4560,-6380,15075.48,189444.0689
223,3.08E-01,222,-22131.52,-22223.83,-22213.74,22136.97,22708.82,23169.49,22131.52,22223.83,22213.74,1830,4470,-6410,15166.68,190590.1219
224,3.10E-01,223,-22132.03,-22223.92,-22213.15,22146.78,22692.7,23175.82,22132.03,22223.92,22213.15,1930,4390,-6440,15253.48,191680.8828
225,3.11E-01,224,-22132.57,-22224,-22212.53,22157.11,22676.66,23181.54,22132.57,22224,22212.53,2040,4300,-6460,15335.62,192713.0845
226,3.13E-01,225,-22133.13,-22224.07,-22211.9,22167.96,22660.7,23186.66,22133.13,22224.07,22211.9,2150,4210,-6490,15412.83,193683.334
227,3.14E-01,226,-22133.72,-22224.14,-22211.25,22179.31,22644.86,23191.15,22133.72,22224.14,22211.25,2250,4120,-6510,15484.88,194588.741
228,3.15E-01,227,-22134.33,-22224.19,-22210.58,22191.16,22629.15,23195.02,22134.33,22224.19,22210.58,2360,4030,-6530,15551.52,195426.1639
229,3.17E-01,228,-22134.97,-22224.25,-22209.89,22203.49,22613.59,23198.24,22134.97,22224.25,22209.89,2460,3940,-6550,15612.5,196192.4612
230,3.18E-01,229,-22135.64,-22224.29,-22209.17,22216.29,22598.21,23200.82,22135.64,22224.29,22209.17,2560,3850,-6560,15667.61,196884.9939
231,3.19E-01,230,-22136.33,-22224.33,-22208.44,22229.55,22583.01,23202.76,22136.33,22224.33,22208.44,2670,3750,-6570,15716.62,197500.8717
232,3.21E-01,231,-22137.05,-22224.37,-22207.69,22243.25,22568.02,23204.03,22137.05,22224.37,22207.69,2770,3660,-6580,15759.32,198037.4558
233,3.22E-01,232,-22137.79,-22224.4,-22206.92,22257.38,22553.26,23204.65,22137.79,22224.4,22206.92,2870,3560,-6590,15795.51,198492.2327
234,3.24E-01,233,-22138.56,-22224.42,-22206.13,22271.92,22538.74,23204.6,22138.56,22224.42,22206.13,2970,3470,-6600,15825.01,198862.9406
235,3.25E-01,234,-22139.35,-22224.44,-22205.32,22286.86,22524.48,23203.89,22139.35,22224.44,22205.32,3070,3370,-6600,15847.66,199147.5689
236,3.26E-01,235,-22140.16,-22224.46,-22204.49,22302.19,22510.5,23202.52,22140.16,22224.46,22204.49,3170,3270,-6600,15863.3,199344.107
237,3.28E-01,236,-22141,-22224.47,-22203.64,22317.88,22496.81,23200.48,22141,22224.47,22203.64,3270,3170,-6600,15871.79,199450.7955
238,3.29E-01,237,-22141.85,-22224.48,-22202.78,22333.92,22483.44,23197.77,22141.85,22224.48,22202.78,3370,3070,-6600,15873.03,199466.3778
239,3.31E-01,238,-22142.73,-22224.49,-22201.89,22350.3,22470.39,23194.4,22142.73,22224.49,22201.89,3460,2970,-6590,15866.91,199389.4716
240,3.32E-01,239,-22143.63,-22224.49,-22200.99,22366.99,22457.68,23190.36,22143.63,22224.49,22200.99,3560,2870,-6590,15853.38,199219.4486
241,3.33E-01,240,-22144.55,-22224.49,-22200.07,22383.99,22445.33,23185.67,22144.55,22224.49,22200.07,3660,2770,-6580,15832.36,198955.3035
242,3.35E-01,241,-22145.48,-22224.49,-22199.13,22401.26,22433.34,23180.33,22145.48,22224.49,22199.13,3750,2660,-6570,15803.85,198597.0362
243,3.36E-01,242,-22146.44,-22224.49,-22198.18,22418.79,22421.74,23174.34,22146.44,22224.49,22198.18,3840,2560,-6550,15767.84,198144.5212
244,3.38E-01,243,-22147.41,-22224.49,-22197.21,22436.57,22410.53,23167.71,22147.41,22224.49,22197.21,3940,2460,-6540,15724.36,197598.1354
245,3.39E-01,244,-22148.4,-22224.48,-22196.22,22454.57,22399.73,23160.44,22148.4,22224.48,22196.22,4030,2350,-6520,15673.45,196958.3815
246,3.40E-01,245,-22149.41,-22224.48,-22195.22,22472.77,22389.36,23152.55,22149.41,22224.48,22195.22,4120,2250,-6500,15615.2,196226.3904
247,3.42E-01,246,-22150.43,-22224.47,-22194.2,22491.16,22379.41,23144.05,22150.43,22224.47,22194.2,4210,2140,-6480,15549.72,195403.5445
248,3.43E-01,247,-22151.47,-22224.46,-22193.17,22509.71,22369.91,23134.94,22151.47,22224.46,22193.17,4290,2030,-6450,15477.14,194491.4773
249,3.44E-01,248,-22152.53,-22224.45,-22192.12,22528.39,22360.86,23125.23,22152.53,22224.45,22192.12,4380,1930,-6430,15397.63,193492.3252
250,3.46E-01,249,-22153.59,-22224.44,-22191.06,22547.2,22352.27,23114.94,22153.59,22224.44,22191.06,4470,1820,-6400,15311.37,192408.35
251,3.47E-01,250,-22154.67,-22224.43,-22189.99,22566.11,22344.16,23104.08,22154.67,22224.43,22189.99,4550,1710,-6370,15218.59,191242.4422
252,3.49E-01,251,-22155.77,-22224.42,-22188.91,22585.1,22336.52,23092.66,22155.77,22224.42,22188.91,4630,1600,-6330,15119.53,189997.6175
253,3.50E-01,252,-22156.87,-22224.41,-22187.81,22604.14,22329.38,23080.7,22156.87,22224.41,22187.81,4720,1500,-6300,15014.46,188677.2689
254,3.51E-01,253,-22157.98,-22224.4,-22186.7,22623.21,22322.74,23068.21,22157.98,22224.4,22186.7,4800,1390,-6260,14903.7,187285.4177
255,3.53E-01,254,-22159.11,-22224.39,-22185.59,22642.3,22316.6,23055.21,22159.11,22224.39,22185.59,4880,1280,-6220,14787.55,185825.8338
256,3.54E-01,255,-22160.24,-22224.38,-22184.46,22661.37,22310.97,23041.71,22160.24,22224.38,22184.46,4950,1170,-6180,14666.38,184303.1667
257,3.56E-01,256,-22161.38,-22224.37,-22183.33,22680.41,22305.85,23027.73,22161.38,22224.37,22183.33,5030,1060,-6140,14540.54,182721.8146
258,3.57E-01,257,-22162.53,-22224.36,-22182.19,22699.4,22301.26,23013.29,22162.53,22224.36,22182.19,5110,949,-6090,14410.45,181087.0554
259,3.58E-01,258,-22163.69,-22224.35,-22181.04,22718.3,22297.2,22998.41,22163.69,22224.35,22181.04,5180,839,-6050,14276.5,179403.7901
260,3.60E-01,259,-22164.85,-22224.35,-22179.88,22737.11,22293.67,22983.1,22164.85,22224.35,22179.88,5250,729,-6000,14139.13,177677.5477
261,3.61E-01,260,-22166.02,-22224.34,-22178.72,22755.79,22290.68,22967.38,22166.02,22224.34,22178.72,5320,618,-5950,13998.8,175914.109
262,3.63E-01,261,-22167.19,-22224.33,-22177.55,22774.32,22288.22,22951.28,22167.19,22224.33,22177.55,5390,508,-5900,13855.95,174119.0029
263,3.64E-01,262,-22168.36,-22224.33,-22176.38,22792.68,22286.31,22934.81,22168.36,22224.33,22176.38,5460,397,-5840,13711.06,172298.2615
264,3.65E-01,263,-22169.54,-22224.33,-22175.21,22810.86,22284.94,22918,22169.54,22224.33,22175.21,5530,286,-5790,13564.62,170458.0422
265,3.67E-01,264,-22170.71,-22224.33,-22174.03,22828.82,22284.12,22900.86,22170.71,22224.33,22174.03,5590,176,-5730,13417.11,168604.3768
266,3.68E-01,265,-22171.89,-22224.32,-22172.86,22846.54,22283.84,22883.42,22171.89,22224.32,22172.86,5650,64.6,-5670,13269.04,166743.6743
267,3.69E-01,266,-22173.07,-22224.32,-22171.68,22864.01,22284.12,22865.69,22173.07,22224.32,22171.68,5710,-46.3,-5610,13120.9,164882.0922
268,3.71E-01,267,-22174.25,-22224.33,-22170.5,22881.19,22284.93,22847.7,22174.25,22224.33,22170.5,5770,-157,-5540,12973.19,163025.9136
269,3.72E-01,268,-22175.42,-22224.33,-22169.32,22898.08,22286.3,22829.48,22175.42,22224.33,22169.32,5830,-268,-5480,12826.42,161181.5474
270,3.74E-01,269,-22176.6,-22224.33,-22168.15,22914.64,22288.21,22811.03,22176.6,22224.33,22168.15,5890,-379,-5410,12681.07,159355.0254
271,3.75E-01,270,-22177.77,-22224.34,-22166.97,22930.87,22290.66,22792.4,22177.77,22224.34,22166.97,5940,-489,-5340,12537.63,157552.5052
272,3.76E-01,271,-22178.93,-22224.34,-22165.8,22946.73,22293.65,22773.59,22178.93,22224.34,22165.8,5990,-600,-5280,12396.59,155780.1443
273,3.78E-01,272,-22180.09,-22224.35,-22164.64,22962.2,22297.19,22754.63,22180.09,22224.35,22164.64,6040,-710,-5200,12258.41,154043.7232
274,3.79E-01,273,-22181.25,-22224.35,-22163.48,22977.27,22301.25,22735.55,22181.25,22224.35,22163.48,6090,-821,-5130,12123.54,152348.8968
275,3.81E-01,274,-22182.4,-22224.36,-22162.32,22991.93,22305.85,22716.36,22182.4,22224.36,22162.32,6140,-931,-5060,11992.43,150701.3199
276,3.82E-01,275,-22183.54,-22224.37,-22161.17,23006.14,22310.97,22697.09,22183.54,22224.37,22161.17,6180,-1040,-4980,11865.5,149106.2705
277,3.83E-01,276,-22184.67,-22224.38,-22160.03,23019.89,22316.61,22677.76,22184.67,22224.38,22160.03,6230,-1150,-4910,11743.15,147568.7751
278,3.85E-01,277,-22185.79,-22224.39,-22158.9,23033.17,22322.77,22658.4,22185.79,22224.39,22158.9,6270,-1260,-4830,11625.76,146093.6088
279,3.86E-01,278,-22186.91,-22224.4,-22157.78,23045.96,22329.44,22639.02,22186.91,22224.4,22157.78,6310,-1370,-4750,11513.71,144685.547
280,3.88E-01,279,-22188.01,-22224.41,-22156.67,23058.24,22336.61,22619.65,22188.01,22224.41,22156.67,6340,-1480,-4670,11407.32,143348.6108
281,3.89E-01,280,-22189.11,-22224.42,-22155.57,23069.99,22344.27,22600.31,22189.11,22224.42,22155.57,6380,-1590,-4580,11306.9,142086.6959
282,3.90E-01,281,-22190.19,-22224.43,-22154.48,23081.21,22352.42,22581.03,22190.19,22224.43,22154.48,6410,-1690,-4500,11212.75,140903.5721
283,3.92E-01,282,-22191.26,-22224.44,-22153.4,23091.88,22361.04,22561.82,22191.26,22224.44,22153.4,6440,-1800,-4420,11125.13,139802.5067
284,3.93E-01,283,-22192.32,-22224.45,-22152.33,23101.98,22370.14,22542.71,22192.32,22224.45,22152.33,6470,-1910,-4330,11044.26,138786.2643
285,3.94E-01,284,-22193.36,-22224.46,-22151.28,23111.5,22379.69,22523.71,22193.36,22224.46,22151.28,6490,-2010,-4240,10970.35,137857.4839
286,3.96E-01,285,-22194.39,-22224.47,-22150.25,23120.43,22389.69,22504.86,22194.39,22224.47,22150.25,6520,-2120,-4150,10903.59,137018.553
287,3.97E-01,286,-22195.4,-22224.48,-22149.23,23128.76,22400.13,22486.16,22195.4,22224.48,22149.23,6540,-2230,-4070,10844.11,136271.1052
288,3.99E-01,287,-22196.4,-22224.48,-22148.22,23136.48,22411,22467.65,22196.4,22224.48,22148.22,6560,-2330,-3970,10792.03,135616.6487
289,4.00E-01,288,-22197.39,-22224.49,-22147.23,23143.58,22422.29,22449.34,22197.39,22224.49,22147.23,6580,-2440,-3880,10747.46,135056.5655
290,4.01E-01,289,-22198.36,-22224.49,-22146.26,23150.06,22433.97,22431.24,22198.36,22224.49,22146.26,6590,-2540,-3790,10710.45,134591.4841
291,4.03E-01,290,-22199.31,-22224.49,-22145.31,23155.9,22446.05,22413.39,22199.31,22224.49,22145.31,6610,-2640,-3700,10681.03,134221.7815
292,4.04E-01,291,-22200.24,-22224.49,-22144.38,23161.1,22458.5,22395.8,22200.24,22224.49,22144.38,6620,-2750,-3600,10659.22,133947.709
293,4.06E-01,292,-22201.16,-22224.49,-22143.46,23165.65,22471.32,22378.49,22201.16,22224.49,22143.46,6630,-2850,-3510,10645.01,133769.1409
294,4.07E-01,293,-22202.06,-22224.49,-22142.57,23169.55,22484.49,22361.47,22202.06,22224.49,22142.57,6630,-2950,-3410,10638.34,133685.3232
295,4.08E-01,294,-22202.94,-22224.48,-22141.7,23172.8,22497.99,22344.77,22202.94,22224.48,22141.7,6640,-3050,-3310,10639.15,133695.5019
296,4.10E-01,295,-22203.8,-22224.47,-22140.84,23175.39,22511.81,22328.4,22203.8,22224.47,22140.84,6640,-3150,-3220,10647.36,133798.6718
297,4.11E-01,296,-22204.65,-22224.46,-22140.01,23177.32,22525.93,22312.38,22204.65,22224.46,22140.01,6640,-3250,-3120,10662.86,133993.4506
298,4.13E-01,297,-22205.47,-22224.44,-22139.21,23178.6,22540.34,22296.72,22205.47,22224.44,22139.21,6640,-3350,-3020,10685.51,134278.0789
299,4.14E-01,298,-22206.28,-22224.42,-22138.42,23179.21,22555.02,22281.45,22206.28,22224.42,22138.42,6630,-3440,-2920,10715.16,134650.6718
300,4.15E-01,299,-22207.07,-22224.39,-22137.66,23179.17,22569.96,22266.58,22207.07,22224.39,22137.66,6630,-3540,-2820,10751.65,135109.2186
301,4.17E-01,300,-22207.83,-22224.36,-22136.92,23178.47,22585.13,22252.11,22207.83,22224.36,22136.92,6620,-3640,-2710,10794.8,135651.4575
302,4.18E-01,301,-22208.58,-22224.32,-22136.21,23177.12,22600.52,22238.08,22208.58,22224.32,22136.21,6610,-3730,-2610,10844.41,136274.8752
303,4.19E-01,302,-22209.31,-22224.28,-22135.52,23175.13,22616.11,22224.49,22209.31,22224.28,22135.52,6590,-3820,-2510,10900.26,136976.707
304,4.21E-01,303,-22210.02,-22224.24,-22134.86,23172.49,22631.88,22211.35,22210.02,22224.24,22134.86,6580,-3920,-2410,10962.14,137754.314
305,4.22E-01,304,-22210.71,-22224.18,-22134.22,23169.22,22647.82,22198.68,22210.71,22224.18,22134.22,6560,-4010,-2300,11029.81,138604.6803
306,4.24E-01,305,-22211.37,-22224.12,-22133.61,23165.32,22663.9,22186.49,22211.37,22224.12,22133.61,6540,-4100,-2200,11103.03,139524.7899
307,4.25E-01,306,-22212.02,-22224.06,-22133.03,23160.79,22680.1,22174.79,22212.02,22224.06,22133.03,6520,-4190,-2090,11181.55,140511.5013
308,4.26E-01,307,-22212.65,-22223.99,-22132.47,23155.66,22696.41,22163.6,22212.65,22223.99,22132.47,6500,-4280,-1990,11265.12,141561.6729
309,4.28E-01,308,-22213.26,-22223.9,-22131.94,23149.92,22712.8,22152.92,22213.26,22223.9,22131.94,6470,-4360,-1880,11353.48,142672.0374
310,4.29E-01,309,-22213.85,-22223.82,-22131.44,23143.59,22729.25,22142.77,22213.85,22223.82,22131.44,6440,-4450,-1770,11446.35,143839.0763
311,4.31E-01,310,-22214.42,-22223.72,-22130.96,23136.69,22745.75,22133.16,22214.42,22223.72,22130.96,6410,-4530,-1670,11543.48,145059.6479
312,4.32E-01,311,-22214.97,-22223.61,-22130.52,23129.21,22762.27,22124.09,22214.97,22223.61,22130.52,6380,-4620,-1560,11644.59,146330.2336
313,4.33E-01,312,-22215.5,-22223.5,-22130.1,23121.18,22778.79,22115.57,22215.5,22223.5,22130.1,6350,-4700,-1450,11749.41,147647.4406
314,4.35E-01,313,-22216.01,-22223.37,-22129.71,23112.6,22795.29,22107.61,22216.01,22223.37,22129.71,6310,-4780,-1340,11857.68,149008.0015
315,4.36E-01,314,-22216.5,-22223.24,-22129.35,23103.5,22811.74,22100.23,22216.5,22223.24,22129.35,6270,-4860,-1230,11969.11,150408.2722
316,4.38E-01,315,-22216.97,-22223.09,-22129.02,23093.89,22828.13,22093.41,22216.97,22223.09,22129.02,6230,-4940,-1130,12083.45,151845.111
317,4.39E-01,316,-22217.43,-22222.94,-22128.72,23083.78,22844.44,22087.19,22217.43,22222.94,22128.72,6190,-5010,-1020,12200.41,153314.8737
318,4.40E-01,317,-22217.86,-22222.77,-22128.45,23073.19,22860.64,22081.55,22217.86,22222.77,22128.45,6140,-5090,-907,12319.74,154814.4187
319,4.42E-01,318,-22218.28,-22222.59,-22128.21,23062.13,22876.71,22076.5,22218.28,22222.59,22128.21,6100,-5160,-798,12441.17,156340.3531
320,4.43E-01,319,-22218.68,-22222.4,-22128,23050.63,22892.64,22072.05,22218.68,22222.4,22128,6050,-5230,-688,12564.42,157889.1583
321,4.44E-01,320,-22219.07,-22222.19,-22127.82,23038.7,22908.38,22068.21,22219.07,22222.19,22127.82,6000,-5310,-578,12689.25,159457.8183
322,4.46E-01,321,-22219.43,-22221.97,-22127.67,23026.37,22923.94,22064.97,22219.43,22221.97,22127.67,5950,-5370,-469,12815.38,161042.8146
323,4.47E-01,322,-22219.78,-22221.74,-22127.55,23013.64,22939.28,22062.34,22219.78,22221.74,22127.55,5890,-5440,-358,12942.56,162641.0057
324,4.49E-01,323,-22220.11,-22221.5,-22127.46,23000.54,22954.38,22060.32,22220.11,22221.5,22127.46,5840,-5510,-248,13070.53,164249.1241
325,4.50E-01,324,-22220.43,-22221.24,-22127.41,22987.09,22969.22,22058.91,22220.43,22221.24,22127.41,5780,-5570,-138,13199.03,165863.9027
326,4.51E-01,325,-22220.73,-22220.97,-22127.38,22973.31,22983.79,22058.12,22220.73,22220.97,22127.38,5720,-5630,-28,13327.82,167482.3256
327,4.53E-01,326,-22221.02,-22220.68,-22127.38,22959.21,22998.05,22057.94,22221.02,22220.68,22127.38,5660,-5690,82.3,13456.62,169100.8741
328,4.54E-01,327,-22221.29,-22220.38,-22127.41,22944.83,23011.99,22058.38,22221.29,22220.38,22127.41,5600,-5750,192,13585.2,170716.6581
329,4.56E-01,328,-22221.54,-22220.06,-22127.48,22930.18,23025.59,22059.43,22221.54,22220.06,22127.48,5530,-5810,303,13713.28,172326.1588
330,4.57E-01,329,-22221.79,-22219.72,-22127.57,22915.28,23038.83,22061.1,22221.79,22219.72,22127.57,5470,-5870,413,13840.63,173926.4861
331,4.58E-01,330,-22222.01,-22219.37,-22127.7,22900.15,23051.69,22063.37,22222.01,22219.37,22127.7,5400,-5920,523,13966.98,175514.247
332,4.60E-01,331,-22222.23,-22219,-22127.85,22884.82,23064.14,22066.26,22222.23,22219,22127.85,5330,-5970,633,14092.08,177086.3
333,4.61E-01,332,-22222.43,-22218.61,-22128.04,22869.3,23076.18,22069.75,22222.43,22218.61,22128.04,5260,-6020,742,14215.68,178639.5034
334,4.63E-01,333,-22222.62,-22218.21,-22128.25,22853.62,23087.78,22073.85,22222.62,22218.21,22128.25,5190,-6070,852,14337.5,180170.3387
335,4.64E-01,334,-22222.8,-22217.79,-22128.5,22837.8,23098.92,22078.54,22222.8,22217.79,22128.5,5110,-6120,961,14457.3,181675.7899
336,4.65E-01,335,-22222.96,-22217.35,-22128.78,22821.86,23109.59,22083.83,22222.96,22217.35,22128.78,5040,-6160,1070,14574.81,183152.4641
337,4.67E-01,336,-22223.12,-22216.89,-22129.08,22805.82,23119.77,22089.7,22223.12,22216.89,22129.08,4960,-6200,1180,14689.77,184597.0941
338,4.68E-01,337,-22223.26,-22216.41,-22129.42,22789.71,23129.44,22096.16,22223.26,22216.41,22129.42,4880,-6240,1290,14801.91,186006.2869
339,4.69E-01,338,-22223.39,-22215.92,-22129.78,22773.54,23138.59,22103.2,22223.39,22215.92,22129.78,4800,-6280,1400,14910.98,187376.9009
340,4.71E-01,339,-22223.52,-22215.4,-22130.17,22757.34,23147.2,22110.81,22223.52,22215.4,22130.17,4720,-6320,1500,15016.71,188705.5433
341,4.72E-01,340,-22223.63,-22214.87,-22130.6,22741.13,23155.26,22118.98,22223.63,22214.87,22130.6,4640,-6350,1610,15118.82,189988.6954
342,4.74E-01,341,-22223.74,-22214.32,-22131.05,22724.93,23162.76,22127.7,22223.74,22214.32,22131.05,4560,-6380,1720,15217.07,191223.3413
343,4.75E-01,342,-22223.83,-22213.74,-22131.53,22708.76,23169.68,22136.97,22223.83,22213.74,22131.53,4470,-6410,1830,15311.18,192405.9624
344,4.76E-01,343,-22223.92,-22213.15,-22132.03,22692.64,23176.01,22146.77,22223.92,22213.15,22132.03,4390,-6440,1930,15400.89,193533.2915
345,4.78E-01,344,-22224,-22212.54,-22132.57,22676.6,23181.74,22157.11,22224,22212.54,22132.57,4300,-6460,2040,15485.94,194602.0614
346,4.79E-01,345,-22224.07,-22211.91,-22133.13,22660.64,23186.85,22167.95,22224.07,22211.91,22133.13,4210,-6490,2150,15566.08,195609.1303
347,4.81E-01,346,-22224.13,-22211.26,-22133.72,22644.8,23191.35,22179.31,22224.13,22211.26,22133.72,4120,-6510,2250,15641.06,196551.3568
348,4.82E-01,347,-22224.19,-22210.58,-22134.34,22629.09,23195.22,22191.15,22224.19,22210.58,22134.34,4030,-6530,2360,15710.62,197425.4735
349,4.83E-01,348,-22224.24,-22209.89,-22134.98,22613.54,23198.45,22203.48,22224.24,22209.89,22134.98,3940,-6550,2460,15774.54,198228.7159
350,4.85E-01,349,-22224.29,-22209.18,-22135.65,22598.15,23201.03,22216.28,22224.29,22209.18,22135.65,3850,-6560,2560,15832.57,198957.9424
351,4.86E-01,350,-22224.33,-22208.45,-22136.34,22582.96,23202.96,22229.54,22224.33,22208.45,22136.34,3750,-6570,2670,15884.49,199610.3884
352,4.88E-01,351,-22224.36,-22207.7,-22137.06,22567.97,23204.24,22243.23,22224.36,22207.7,22137.06,3660,-6580,2770,15930.1,200183.5405
353,4.89E-01,352,-22224.39,-22206.93,-22137.8,22553.21,23204.86,22257.36,22224.39,22206.93,22137.8,3560,-6590,2870,15969.2,200674.8856
354,4.90E-01,353,-22224.42,-22206.14,-22138.56,22538.69,23204.82,22271.9,22224.42,22206.14,22138.56,3460,-6600,2970,16001.6,201082.036
355,4.92E-01,354,-22224.44,-22205.33,-22139.35,22524.43,23204.11,22286.84,22224.44,22205.33,22139.35,3370,-6600,3070,16027.12,201402.7298
356,4.93E-01,355,-22224.46,-22204.5,-22140.16,22510.46,23202.73,22302.16,22224.46,22204.5,22140.16,3270,-6600,3170,16045.63,201635.3333
357,4.94E-01,356,-22224.47,-22203.65,-22141,22496.77,23200.69,22317.86,22224.47,22203.65,22141,3170,-6600,3270,16056.97,201777.836
358,4.96E-01,357,-22224.48,-22202.78,-22141.86,22483.4,23197.99,22333.9,22224.48,22202.78,22141.86,3070,-6600,3370,16061.03,201828.8554
359,4.97E-01,358,-22224.49,-22201.9,-22142.73,22470.35,23194.62,22350.27,22224.49,22201.9,22142.73,2970,-6600,3460,16057.72,201787.2607
360,4.99E-01,359,-22224.49,-22201,-22143.63,22457.64,23190.58,22366.96,22224.49,22201,22143.63,2870,-6590,3560,16046.96,201652.0466
361,5.00E-01,360,-22224.49,-22200.07,-22144.55,22445.29,23185.89,22383.95,22224.49,22200.07,22144.55,2770,-6580,3650,16028.69,201422.459
362,5.01E-01,361,-22224.49,-22199.14,-22145.49,22433.3,23180.55,22401.23,22224.49,22199.14,22145.49,2660,-6570,3750,16002.9,201098.3723
363,5.03E-01,362,-22224.49,-22198.18,-22146.44,22421.7,23174.56,22418.76,22224.49,22198.18,22146.44,2560,-6550,3840,15969.57,200679.5352
364,5.04E-01,363,-22224.49,-22197.21,-22147.41,22410.5,23167.93,22436.53,22224.49,22197.21,22147.41,2460,-6540,3930,15928.73,200166.3246
365,5.06E-01,364,-22224.48,-22196.22,-22148.41,22399.7,23160.66,22454.53,22224.48,22196.22,22148.41,2350,-6520,4030,15880.44,199559.4946
366,5.07E-01,365,-22224.47,-22195.22,-22149.41,22389.33,23152.77,22472.73,22224.47,22195.22,22149.41,2250,-6500,4120,15824.76,198859.799
367,5.08E-01,366,-22224.47,-22194.2,-22150.44,22379.38,23144.27,22491.11,22224.47,22194.2,22150.44,2140,-6480,4210,15761.8,198068.6203
368,5.10E-01,367,-22224.46,-22193.17,-22151.48,22369.88,23135.15,22509.66,22224.46,22193.17,22151.48,2030,-6450,4290,15691.69,197187.5921
369,5.11E-01,368,-22224.45,-22192.13,-22152.53,22360.83,23125.45,22528.34,22224.45,22192.13,22152.53,1930,-6430,4380,15614.6,196218.8506
370,5.13E-01,369,-22224.44,-22191.07,-22153.6,22352.25,23115.16,22547.15,22224.44,22191.07,22153.6,1820,-6400,4470,15530.72,195164.7834
371,5.14E-01,370,-22224.43,-22189.99,-22154.68,22344.13,23104.29,22566.05,22224.43,22189.99,22154.68,1710,-6370,4550,15440.25,194027.9039
372,5.15E-01,371,-22224.42,-22188.91,-22155.77,22336.5,23092.88,22585.04,22224.42,22188.91,22155.77,1600,-6330,4630,15343.45,192811.4792
373,5.17E-01,372,-22224.41,-22187.81,-22156.87,22329.36,23080.91,22604.08,22224.41,22187.81,22156.87,1500,-6300,4720,15240.59,191518.9023
374,5.18E-01,373,-22224.4,-22186.71,-22157.99,22322.72,23068.42,22623.15,22224.4,22186.71,22157.99,1390,-6260,4800,15131.96,190153.8175
375,5.19E-01,374,-22224.39,-22185.59,-22159.11,22316.58,23055.42,22642.23,22224.39,22185.59,22159.11,1280,-6220,4880,15017.88,188720.2459
376,5.21E-01,375,-22224.38,-22184.47,-22160.24,22310.95,23041.92,22661.3,22224.38,22184.47,22160.24,1170,-6180,4950,14898.71,187222.7115
377,5.22E-01,376,-22224.37,-22183.33,-22161.38,22305.84,23027.94,22680.34,22224.37,22183.33,22161.38,1060,-6140,5030,14774.81,185665.7382
378,5.24E-01,377,-22224.36,-22182.19,-22162.53,22301.25,23013.5,22699.32,22224.36,22182.19,22162.53,949,-6090,5110,14646.57,184054.2268
379,5.25E-01,378,-22224.35,-22181.04,-22163.69,22297.19,22998.61,22718.22,22224.35,22181.04,22163.69,839,-6050,5180,14514.41,182393.4553
380,5.26E-01,379,-22224.34,-22179.88,-22164.85,22293.66,22983.3,22737.03,22224.34,22179.88,22164.85,729,-6000,5250,14378.75,180688.7015
381,5.28E-01,380,-22224.34,-22178.72,-22166.02,22290.67,22967.58,22755.7,22224.34,22178.72,22166.02,618,-5950,5320,14240.03,178945.4945
382,5.29E-01,381,-22224.33,-22177.55,-22167.19,22288.22,22951.48,22774.23,22224.33,22177.55,22167.19,508,-5900,5390,14098.72,177169.7407
383,5.31E-01,382,-22224.33,-22176.38,-22168.36,22286.3,22935.01,22792.6,22224.33,22176.38,22168.36,397,-5840,5460,13955.29,175367.3462
384,5.32E-01,383,-22224.33,-22175.21,-22169.54,22284.94,22918.19,22810.77,22224.33,22175.21,22169.54,286,-5790,5530,13810.22,173544.3428
385,5.33E-01,384,-22224.32,-22174.03,-22170.71,22284.12,22901.05,22828.72,22224.32,22174.03,22170.71,175,-5730,5590,13663.99,171706.7624
386,5.35E-01,385,-22224.32,-22172.86,-22171.89,22283.84,22883.6,22846.45,22224.32,22172.86,22171.89,64.4,-5670,5650,13517.11,169861.0139
387,5.36E-01,386,-22224.32,-22171.68,-22173.07,22284.11,22865.87,22863.91,22224.32,22171.68,22173.07,-46.5,-5610,5710,13370.07,168013.2548
388,5.38E-01,387,-22224.32,-22170.5,-22174.25,22284.93,22847.88,22881.09,22224.32,22170.5,22174.25,-157,-5540,5770,13223.36,166169.6425
389,5.39E-01,388,-22224.33,-22169.32,-22175.42,22286.3,22829.65,22897.98,22224.33,22169.32,22175.42,-268,-5480,5830,13077.49,164336.586
390,5.40E-01,389,-22224.33,-22168.15,-22176.6,22288.21,22811.21,22914.54,22224.33,22168.15,22176.6,-379,-5410,5890,12932.95,162520.2428
391,5.42E-01,390,-22224.33,-22166.97,-22177.77,22290.66,22792.57,22930.76,22224.33,22166.97,22177.77,-490,-5350,5940,12790.22,160726.6448
392,5.43E-01,391,-22224.34,-22165.8,-22178.93,22293.66,22773.75,22946.62,22224.34,22165.8,22178.93,-600,-5280,5990,12649.78,158961.8237
393,5.44E-01,392,-22224.35,-22164.64,-22180.09,22297.19,22754.79,22962.09,22224.35,22164.64,22180.09,-711,-5200,6040,12512.1,157231.6858
394,5.46E-01,393,-22224.35,-22163.48,-22181.25,22301.26,22735.7,22977.16,22224.35,22163.48,22181.25,-821,-5130,6090,12377.63,155541.8859
395,5.47E-01,394,-22224.36,-22162.32,-22182.4,22305.85,22716.51,22991.81,22224.36,22162.32,22182.4,-931,-5060,6140,12246.82,153898.079
396,5.49E-01,395,-22224.37,-22161.17,-22183.54,22310.98,22697.24,23006.02,22224.37,22161.17,22183.54,-1040,-4980,6180,12120.07,152305.2915
397,5.50E-01,396,-22224.38,-22160.03,-22184.67,22316.62,22677.91,23019.77,22224.38,22160.03,22184.67,-1150,-4910,6230,11997.8,150768.8014
398,5.51E-01,397,-22224.39,-22158.9,-22185.79,22322.78,22658.54,23033.05,22224.39,22158.9,22185.79,-1260,-4830,6270,11880.39,149293.3838
399,5.53E-01,398,-22224.4,-22157.78,-22186.91,22329.45,22639.16,23045.84,22224.4,22157.78,22186.91,-1370,-4750,6300,11768.19,147883.437
400,5.54E-01,399,-22224.41,-22156.67,-22188.01,22336.61,22619.79,23058.11,22224.41,22156.67,22188.01,-1480,-4670,6340,11661.55,146543.3592
401,5.56E-01,400,-22224.42,-22155.57,-22189.11,22344.28,22600.44,23069.87,22224.42,22155.57,22189.11,-1590,-4580,6380,11560.78,145277.0461
402,5.57E-01,401,-22224.43,-22154.48,-22190.19,22352.42,22581.16,23081.08,22224.43,22154.48,22190.19,-1690,-4500,6410,11466.16,144088.0161
403,5.58E-01,402,-22224.44,-22153.4,-22191.26,22361.05,22561.94,23091.75,22224.44,22153.4,22191.26,-1800,-4420,6440,11377.95,142979.5365
404,5.60E-01,403,-22224.45,-22152.33,-22192.31,22370.15,22542.83,23101.84,22224.45,22152.33,22192.31,-1910,-4330,6470,11296.39,141954.6233
405,5.61E-01,404,-22224.46,-22151.28,-22193.36,22379.7,22523.83,23111.36,22224.46,22151.28,22193.36,-2020,-4240,6490,11221.67,141015.6641
406,5.63E-01,405,-22224.47,-22150.25,-22194.39,22389.7,22504.97,23120.29,22224.47,22150.25,22194.39,-2120,-4160,6520,11153.98,140165.0465
407,5.64E-01,406,-22224.48,-22149.22,-22195.4,22400.14,22486.27,23128.62,22224.48,22149.22,22195.4,-2230,-4070,6540,11093.47,139404.6554
408,5.65E-01,407,-22224.48,-22148.22,-22196.4,22411.01,22467.75,23136.34,22224.48,22148.22,22196.4,-2330,-3980,6560,11040.25,138735.8732
409,5.67E-01,408,-22224.49,-22147.23,-22197.39,22422.3,22449.43,23143.45,22224.49,22147.23,22197.39,-2440,-3880,6580,10994.41,138159.8307
410,5.68E-01,409,-22224.49,-22146.26,-22198.35,22433.98,22431.34,23149.92,22224.49,22146.26,22198.35,-2540,-3790,6590,10956.02,137677.4078
411,5.69E-01,410,-22224.49,-22145.31,-22199.31,22446.06,22413.48,23155.76,22224.49,22145.31,22199.31,-2640,-3700,6610,10925.12,137289.1069
412,5.71E-01,411,-22224.49,-22144.38,-22200.24,22458.51,22395.89,23160.96,22224.49,22144.38,22200.24,-2750,-3600,6620,10901.71,136994.9282
413,5.72E-01,412,-22224.49,-22143.46,-22201.16,22471.33,22378.57,23165.51,22224.49,22143.46,22201.16,-2850,-3510,6630,10885.78,136794.7459
414,5.74E-01,413,-22224.49,-22142.57,-22202.06,22484.49,22361.55,23169.41,22224.49,22142.57,22202.06,-2950,-3410,6630,10877.28,136687.9318
415,5.75E-01,414,-22224.48,-22141.69,-22202.94,22498,22344.84,23172.66,22224.48,22141.69,22202.94,-3050,-3310,6640,10876.16,136673.8574
416,5.76E-01,415,-22224.47,-22140.84,-22203.8,22511.81,22328.47,23175.25,22224.47,22140.84,22203.8,-3150,-3220,6640,10882.32,136751.2663
417,5.78E-01,416,-22224.45,-22140.01,-22204.65,22525.94,22312.44,23177.18,22224.45,22140.01,22204.65,-3250,-3120,6640,10895.65,136918.776
418,5.79E-01,417,-22224.44,-22139.2,-22205.47,22540.35,22296.79,23178.45,22224.44,22139.2,22205.47,-3350,-3020,6640,10916.03,137174.8786
419,5.81E-01,418,-22224.42,-22138.42,-22206.28,22555.03,22281.51,23179.07,22224.42,22138.42,22206.28,-3440,-2920,6630,10943.3,137517.5635
420,5.82E-01,419,-22224.39,-22137.66,-22207.06,22569.96,22266.63,23179.03,22224.39,22137.66,22207.06,-3540,-2820,6630,10977.31,137944.9458
421,5.83E-01,420,-22224.36,-22136.92,-22207.83,22585.13,22252.17,23178.33,22224.36,22136.92,22207.83,-3640,-2720,6620,11017.86,138454.5121
422,5.85E-01,421,-22224.32,-22136.2,-22208.58,22600.52,22238.13,23176.98,22224.32,22136.2,22208.58,-3730,-2610,6610,11064.76,139043.8749
423,5.86E-01,422,-22224.28,-22135.52,-22209.31,22616.11,22224.53,23174.99,22224.28,22135.52,22209.31,-3820,-2510,6590,11117.8,139710.3952
424,5.88E-01,423,-22224.24,-22134.85,-22210.01,22631.89,22211.39,23172.35,22224.24,22134.85,22210.01,-3920,-2410,6580,11176.76,140451.3084
425,5.89E-01,424,-22224.18,-22134.22,-22210.7,22647.82,22198.72,23169.08,22224.18,22134.22,22210.7,-4010,-2300,6560,11241.41,141263.7243
426,5.90E-01,425,-22224.12,-22133.6,-22211.37,22663.9,22186.52,23165.18,22224.12,22133.6,22211.37,-4100,-2200,6540,11311.51,142144.6269
427,5.92E-01,426,-22224.06,-22133.02,-22212.02,22680.1,22174.82,23160.66,22224.06,22133.02,22212.02,-4190,-2090,6520,11386.8,143090.7489
428,5.93E-01,427,-22223.98,-22132.46,-22212.65,22696.41,22163.63,23155.52,22223.98,22132.46,22212.65,-4280,-1990,6500,11467.05,144099.2002
429,5.94E-01,428,-22223.9,-22131.93,-22213.26,22712.8,22152.95,23149.79,22223.9,22131.93,22213.26,-4360,-1880,6470,11551.97,145166.3363
430,5.96E-01,429,-22223.81,-22131.43,-22213.85,22729.25,22142.79,23143.46,22223.81,22131.43,22213.85,-4450,-1770,6440,11641.32,146289.1416
431,5.97E-01,430,-22223.72,-22130.96,-22214.41,22745.75,22133.18,23136.55,22223.72,22130.96,22214.41,-4530,-1670,6410,11734.83,147464.2229
432,5.99E-01,431,-22223.61,-22130.51,-22214.96,22762.26,22124.1,23129.08,22223.61,22130.51,22214.96,-4620,-1560,6380,11832.22,148688.0617
433,6.00E-01,432,-22223.5,-22130.09,-22215.49,22778.78,22115.58,23121.04,22223.5,22130.09,22215.49,-4700,-1450,6350,11933.24,149957.5165
434,6.01E-01,433,-22223.37,-22129.71,-22216.01,22795.28,22107.62,23112.47,22223.37,22129.71,22216.01,-4780,-1340,6310,12037.6,151268.9429
435,6.03E-01,434,-22223.24,-22129.35,-22216.5,22811.73,22100.23,23103.37,22223.24,22129.35,22216.5,-4860,-1230,6270,12145.04,152619.0738
436,6.04E-01,435,-22223.09,-22129.02,-22216.97,22828.13,22093.42,23093.76,22223.09,22129.02,22216.97,-4940,-1130,6230,12255.29,154004.5161
437,6.06E-01,436,-22222.93,-22128.72,-22217.43,22844.43,22087.19,23083.65,22222.93,22128.72,22217.43,-5010,-1020,6190,12368.08,155421.8771
438,6.07E-01,437,-22222.77,-22128.45,-22217.86,22860.63,22081.55,23073.06,22222.77,22128.45,22217.86,-5090,-908,6140,12483.15,156867.8893
439,6.08E-01,438,-22222.59,-22128.21,-22218.28,22876.7,22076.5,23062.01,22222.59,22128.21,22218.28,-5160,-798,6100,12600.23,158339.16
440,6.10E-01,439,-22222.39,-22127.99,-22218.68,22892.62,22072.05,23050.51,22222.39,22127.99,22218.68,-5230,-689,6050,12719.06,159832.4218
441,6.11E-01,440,-22222.19,-22127.81,-22219.06,22908.37,22068.2,23038.59,22222.19,22127.81,22219.06,-5310,-579,6000,12839.38,161344.4075
442,6.13E-01,441,-22221.97,-22127.66,-22219.43,22923.92,22064.96,23026.25,22221.97,22127.66,22219.43,-5370,-469,5950,12960.92,162871.7242
443,6.14E-01,442,-22221.74,-22127.55,-22219.78,22939.26,22062.33,23013.52,22221.74,22127.55,22219.78,-5440,-359,5890,13083.44,164411.356
444,6.15E-01,443,-22221.5,-22127.46,-22220.11,22954.36,22060.31,23000.43,22221.5,22127.46,22220.11,-5510,-249,5840,13206.67,165959.9098
445,6.17E-01,444,-22221.24,-22127.4,-22220.43,22969.2,22058.9,22986.98,22221.24,22127.4,22220.43,-5570,-138,5780,13330.36,167514.2442
446,6.18E-01,445,-22220.97,-22127.37,-22220.73,22983.76,22058.1,22973.2,22220.97,22127.37,22220.73,-5630,-28.2,5720,13454.26,169071.2175
447,6.19E-01,446,-22220.68,-22127.37,-22221.01,22998.02,22057.93,22959.11,22220.68,22127.37,22221.01,-5690,82.1,5660,13578.12,170627.6882
448,6.21E-01,447,-22220.37,-22127.41,-22221.29,23011.96,22058.36,22944.73,22220.37,22127.41,22221.29,-5750,192,5600,13701.67,172180.2633
449,6.22E-01,448,-22220.05,-22127.47,-22221.54,23025.56,22059.41,22930.08,22220.05,22127.47,22221.54,-5810,302,5530,13824.68,173726.0525
450,6.24E-01,449,-22219.72,-22127.56,-22221.78,23038.8,22061.08,22915.18,22219.72,22127.56,22221.78,-5870,413,5470,13946.88,175261.663
451,6.25E-01,450,-22219.37,-22127.69,-22222.01,23051.65,22063.35,22900.05,22219.37,22127.69,22222.01,-5920,523,5400,14068.02,176783.9531
452,6.26E-01,451,-22219,-22127.84,-22222.23,23064.11,22066.24,22884.72,22219,22127.84,22222.23,-5970,633,5330,14187.86,178289.907
453,6.28E-01,452,-22218.61,-22128.03,-22222.43,23076.14,22069.73,22869.21,22218.61,22128.03,22222.43,-6020,742,5260,14306.13,179776.1316
454,6.29E-01,453,-22218.21,-22128.25,-22222.62,23087.74,22073.83,22853.53,22218.21,22128.25,22222.62,-6070,852,5190,14422.57,181239.3598
455,6.31E-01,454,-22217.79,-22128.49,-22222.8,23098.88,22078.52,22837.71,22217.79,22128.49,22222.8,-6120,961,5110,14536.95,182676.7013
456,6.32E-01,455,-22217.35,-22128.77,-22222.96,23109.55,22083.81,22821.77,22217.35,22128.77,22222.96,-6160,1070,5040,14648.98,184084.5118
457,6.33E-01,456,-22216.89,-22129.07,-22223.12,23119.73,22089.68,22805.74,22216.89,22129.07,22223.12,-6200,1180,4960,14758.42,185459.7754
458,6.35E-01,457,-22216.41,-22129.41,-22223.26,23129.4,22096.14,22789.63,22216.41,22129.41,22223.26,-6240,1290,4880,14865,186799.0992
459,6.36E-01,458,-22215.92,-22129.77,-22223.39,23138.54,22103.18,22773.46,22215.92,22129.77,22223.39,-6280,1400,4800,14968.46,188099.2159
460,6.38E-01,459,-22215.4,-22130.17,-22223.52,23147.16,22110.79,22757.27,22215.4,22130.17,22223.52,-6320,1500,4720,15068.54,189356.8583
461,6.39E-01,460,-22214.87,-22130.59,-22223.63,23155.22,22118.96,22741.06,22214.87,22130.59,22223.63,-6350,1610,4640,15164.98,190568.759
462,6.40E-01,461,-22214.31,-22131.04,-22223.73,23162.71,22127.68,22724.86,22214.31,22131.04,22223.73,-6380,1720,4560,15257.52,191731.651
463,6.42E-01,462,-22213.74,-22131.52,-22223.83,23169.63,22136.95,22708.69,22213.74,22131.52,22223.83,-6410,1830,4470,15345.89,192842.1411
464,6.43E-01,463,-22213.15,-22132.03,-22223.92,23175.96,22146.76,22692.58,22213.15,22132.03,22223.92,-6440,1930,4390,15429.83,193896.9623
465,6.44E-01,464,-22212.54,-22132.56,-22224,23181.68,22157.09,22676.53,22212.54,22132.56,22224,-6460,2040,4300,15509.09,194892.9728
466,6.46E-01,465,-22211.9,-22133.12,-22224.07,23186.8,22167.94,22660.58,22211.9,22133.12,22224.07,-6490,2150,4210,15583.42,195827.0312
467,6.47E-01,466,-22211.25,-22133.71,-22224.13,23191.29,22179.29,22644.74,22211.25,22133.71,22224.13,-6510,2250,4120,15652.57,196695.9957
468,6.49E-01,467,-22210.58,-22134.33,-22224.19,23195.16,22191.14,22629.04,22210.58,22134.33,22224.19,-6530,2360,4030,15716.29,197496.7248
469,6.50E-01,468,-22209.89,-22134.97,-22224.24,23198.38,22203.47,22613.48,22209.89,22134.97,22224.24,-6550,2460,3940,15774.34,198226.2026
470,6.51E-01,469,-22209.18,-22135.64,-22224.29,23200.97,22216.27,22598.1,22209.18,22135.64,22224.29,-6560,2560,3850,15826.51,198881.7902
471,6.53E-01,470,-22208.45,-22136.33,-22224.33,23202.9,22229.53,22582.91,22208.45,22136.33,22224.33,-6570,2670,3750,15872.56,199460.4716
472,6.54E-01,471,-22207.69,-22137.05,-22224.36,23204.18,22243.23,22567.92,22207.69,22137.05,22224.36,-6580,2770,3660,15912.3,199959.8591
473,6.56E-01,472,-22206.92,-22137.79,-22224.39,23204.79,22257.36,22553.16,22206.92,22137.79,22224.39,-6590,2870,3560,15945.53,200377.4396
474,6.57E-01,473,-22206.13,-22138.56,-22224.42,23204.75,22271.9,22538.65,22206.13,22138.56,22224.42,-6600,2970,3460,15972.06,200710.8254
475,6.58E-01,474,-22205.32,-22139.35,-22224.44,23204.04,22286.84,22524.39,22205.32,22139.35,22224.44,-6600,3070,3370,15991.72,200957.8803
476,6.60E-01,475,-22204.49,-22140.16,-22224.46,23202.66,22302.17,22510.42,22204.49,22140.16,22224.46,-6600,3170,3270,16004.38,201116.9705
477,6.61E-01,476,-22203.65,-22140.99,-22224.47,23200.62,22317.86,22496.73,22203.65,22140.99,22224.47,-6600,3270,3170,16009.88,201186.0856
478,6.63E-01,477,-22202.78,-22141.85,-22224.48,23197.91,22333.9,22483.36,22202.78,22141.85,22224.48,-6600,3370,3070,16008.13,201164.0944
479,6.64E-01,478,-22201.9,-22142.73,-22224.49,23194.54,22350.28,22470.32,22201.9,22142.73,22224.49,-6600,3460,2970,15999.02,201049.6148
480,6.65E-01,479,-22200.99,-22143.62,-22224.49,23190.51,22366.98,22457.61,22200.99,22143.62,22224.49,-6590,3560,2870,15982.49,200841.8927
481,6.67E-01,480,-22200.07,-22144.54,-22224.49,23185.82,22383.97,22445.26,22200.07,22144.54,22224.49,-6580,3650,2770,15958.49,200540.2998
482,6.68E-01,481,-22199.13,-22145.48,-22224.49,23180.47,22401.24,22433.28,22199.13,22145.48,22224.49,-6570,3750,2660,15926.98,200144.3334
483,6.69E-01,482,-22198.18,-22146.43,-22224.49,23174.48,22418.78,22421.68,22198.18,22146.43,22224.49,-6550,3840,2560,15887.98,199654.245
484,6.71E-01,483,-22197.21,-22147.41,-22224.49,23167.85,22436.56,22410.48,22197.21,22147.41,22224.49,-6540,3930,2460,15841.51,199070.2858
485,6.72E-01,484,-22196.22,-22148.4,-22224.48,23160.58,22454.56,22399.68,22196.22,22148.4,22224.48,-6520,4030,2350,15787.61,198392.9584
486,6.74E-01,485,-22195.22,-22149.41,-22224.47,23152.69,22472.76,22389.31,22195.22,22149.41,22224.47,-6500,4120,2250,15726.39,197623.6452
487,6.75E-01,486,-22194.2,-22150.43,-22224.46,23144.19,22491.15,22379.36,22194.2,22150.43,22224.46,-6480,4210,2140,15657.93,196763.3514
488,6.76E-01,487,-22193.17,-22151.47,-22224.46,23135.07,22509.69,22369.86,22193.17,22151.47,22224.46,-6450,4290,2030,15582.37,195813.8365
489,6.78E-01,488,-22192.12,-22152.52,-22224.45,23125.37,22528.38,22360.82,22192.12,22152.52,22224.45,-6430,4380,1930,15499.89,194777.3622
490,6.79E-01,489,-22191.06,-22153.59,-22224.44,23115.07,22547.19,22352.23,22191.06,22153.59,22224.44,-6400,4470,1820,15410.67,193656.1906
491,6.81E-01,490,-22189.99,-22154.67,-22224.43,23104.21,22566.1,22344.12,22189.99,22154.67,22224.43,-6370,4550,1710,15314.94,192453.212
492,6.82E-01,491,-22188.91,-22155.76,-22224.42,23092.79,22585.09,22336.49,22188.91,22155.76,22224.42,-6330,4630,1600,15212.93,191171.3165
493,6.83E-01,492,-22187.81,-22156.87,-22224.41,23080.83,22604.13,22329.35,22187.81,22156.87,22224.41,-6300,4720,1500,15104.93,189814.1485
494,6.85E-01,493,-22186.71,-22157.98,-22224.4,23068.34,22623.21,22322.71,22186.71,22157.98,22224.4,-6260,4800,1390,14991.24,188385.4778
495,6.86E-01,494,-22185.59,-22159.1,-22224.39,23055.34,22642.29,22316.57,22185.59,22159.1,22224.39,-6220,4880,1280,14872.17,186889.2001
496,6.88E-01,495,-22184.46,-22160.24,-22224.38,23041.84,22661.37,22310.94,22184.46,22160.24,22224.38,-6180,4950,1170,14748.09,185329.9648
497,6.89E-01,496,-22183.33,-22161.38,-22224.37,23027.86,22680.41,22305.83,22183.33,22161.38,22224.37,-6140,5030,1060,14619.36,183712.2959
498,6.90E-01,497,-22182.19,-22162.53,-22224.36,23013.41,22699.4,22301.24,22182.19,22162.53,22224.36,-6090,5110,949,14486.38,182041.2199
499,6.92E-01,498,-22181.04,-22163.68,-22224.35,22998.53,22718.3,22297.18,22181.04,22163.68,22224.35,-6050,5180,839,14349.55,180321.7634
500,6.93E-01,499,-22179.88,-22164.85,-22224.34,22983.22,22737.11,22293.66,22179.88,22164.85,22224.34,-6000,5250,729,14209.32,178559.5813
501,6.94E-01,500,-22178.72,-22166.01,-22224.34,22967.5,22755.79,22290.66,22178.72,22166.01,22224.34,-5950,5320,618,14066.13,176760.2027
502,6.96E-01,501,-22177.55,-22167.18,-22224.33,22951.4,22774.33,22288.21,22177.55,22167.18,22224.33,-5900,5390,508,13920.44,174929.4082
503,6.97E-01,502,-22176.38,-22168.36,-22224.33,22934.92,22792.69,22286.3,22176.38,22168.36,22224.33,-5840,5460,397,13772.73,173073.2296
504,6.99E-01,503,-22175.21,-22169.53,-22224.33,22918.11,22810.87,22284.93,22175.21,22169.53,22224.33,-5790,5530,286,13623.48,171197.6987
505,7.00E-01,504,-22174.03,-22170.71,-22224.32,22900.97,22828.83,22284.11,22174.03,22170.71,22224.32,-5730,5590,175,13473.17,169308.8476
506,7.01E-01,505,-22172.85,-22171.89,-22224.32,22883.52,22846.55,22283.84,22172.85,22171.89,22224.32,-5670,5650,64.4,13322.32,167413.2106
507,7.03E-01,506,-22171.68,-22173.07,-22224.32,22865.79,22864.02,22284.11,22171.68,22173.07,22224.32,-5610,5710,-46.5,13171.41,165516.8196
508,7.04E-01,507,-22170.5,-22174.25,-22224.32,22847.8,22881.21,22284.93,22170.5,22174.25,22224.32,-5540,5770,-157,13020.95,163626.0835
509,7.06E-01,508,-22169.32,-22175.42,-22224.33,22829.57,22898.1,22286.29,22169.32,22175.42,22224.33,-5480,5830,-268,12871.43,161747.1597
510,7.07E-01,509,-22168.14,-22176.59,-22224.33,22811.13,22914.66,22288.2,22168.14,22176.59,22224.33,-5410,5890,-379,12723.36,159886.4572
511,7.08E-01,510,-22166.97,-22177.76,-22224.33,22792.49,22930.89,22290.66,22166.97,22177.76,22224.33,-5340,5940,-490,12577.21,158049.8822
512,7.10E-01,511,-22165.8,-22178.93,-22224.34,22773.68,22946.75,22293.65,22165.8,22178.93,22224.34,-5280,5990,-600,12433.47,156243.592
513,7.11E-01,512,-22164.64,-22180.09,-22224.34,22754.72,22962.23,22297.19,22164.64,22180.09,22224.34,-5200,6040,-711,12292.61,154473.4931
514,7.13E-01,513,-22163.48,-22181.25,-22224.35,22735.63,22977.3,22301.25,22163.48,22181.25,22224.35,-5130,6090,-821,12155.08,152745.2401
515,7.14E-01,514,-22162.32,-22182.39,-22224.36,22716.44,22991.96,22305.85,22162.32,22182.39,22224.36,-5060,6140,-931,12021.33,151064.4881
516,7.15E-01,515,-22161.17,-22183.54,-22224.37,22697.17,23006.17,22310.97,22161.17,22183.54,22224.37,-4980,6180,-1040,11891.76,149436.2634
517,7.17E-01,516,-22160.03,-22184.67,-22224.38,22677.84,23019.93,22316.61,22160.03,22184.67,22224.38,-4910,6230,-1150,11766.8,147865.9697
518,7.18E-01,517,-22158.9,-22185.79,-22224.39,22658.47,23033.21,22322.77,22158.9,22185.79,22224.39,-4830,6270,-1260,11646.81,146358.1309
519,7.19E-01,518,-22157.78,-22186.91,-22224.4,22639.09,23046,22329.44,22157.78,22186.91,22224.4,-4750,6310,-1370,11532.17,144917.5222
520,7.21E-01,519,-22156.67,-22188.01,-22224.41,22619.72,23058.28,22336.6,22156.67,22188.01,22224.41,-4670,6340,-1480,11423.21,143548.2905
521,7.22E-01,520,-22155.57,-22189.11,-22224.42,22600.38,23070.03,22344.27,22155.57,22189.11,22224.42,-4580,6380,-1590,11320.24,142254.3313
522,7.24E-01,521,-22154.47,-22190.19,-22224.43,22581.09,23081.25,22352.41,22154.47,22190.19,22224.43,-4500,6410,-1690,11223.55,141039.2889
523,7.25E-01,522,-22153.4,-22191.26,-22224.44,22561.88,23091.92,22361.04,22153.4,22191.26,22224.44,-4420,6440,-1800,11133.39,139906.3049
524,7.26E-01,523,-22152.33,-22192.31,-22224.45,22542.77,23102.02,22370.13,22152.33,22192.31,22224.45,-4330,6470,-1910,11050.01,138858.521
525,7.28E-01,524,-22151.28,-22193.36,-22224.46,22523.77,23111.54,22379.68,22151.28,22193.36,22224.46,-4240,6490,-2010,10973.61,137898.4502
526,7.29E-01,525,-22150.25,-22194.39,-22224.47,22504.91,23120.48,22389.69,22150.25,22194.39,22224.47,-4150,6520,-2120,10904.36,137028.2291
527,7.31E-01,526,-22149.22,-22195.4,-22224.47,22486.21,23128.81,22400.13,22149.22,22195.4,22224.47,-4070,6540,-2230,10842.4,136249.6167
528,7.32E-01,527,-22148.22,-22196.4,-22224.48,22467.7,23136.53,22410.99,22148.22,22196.4,22224.48,-3970,6560,-2330,10787.87,135564.3726
529,7.33E-01,528,-22147.23,-22197.39,-22224.49,22449.38,23143.64,22422.27,22147.23,22197.39,22224.49,-3880,6580,-2440,10740.84,134973.3761
530,7.35E-01,529,-22146.26,-22198.35,-22224.49,22431.29,23150.11,22433.96,22146.26,22198.35,22224.49,-3790,6590,-2540,10701.39,134477.6328
531,7.36E-01,530,-22145.31,-22199.31,-22224.49,22413.43,23155.95,22446.03,22145.31,22199.31,22224.49,-3700,6610,-2640,10669.54,134077.3939
532,7.38E-01,531,-22144.38,-22200.24,-22224.49,22395.84,23161.16,22458.49,22144.38,22200.24,22224.49,-3600,6620,-2750,10645.32,133773.0364
533,7.39E-01,532,-22143.46,-22201.16,-22224.49,22378.52,23165.71,22471.3,22143.46,22201.16,22224.49,-3510,6630,-2850,10628.69,133564.0577
534,7.40E-01,533,-22142.57,-22202.06,-22224.49,22361.5,23169.61,22484.47,22142.57,22202.06,22224.49,-3410,6630,-2950,10619.61,133449.955
535,7.42E-01,534,-22141.69,-22202.94,-22224.48,22344.8,23172.86,22497.96,22141.69,22202.94,22224.48,-3310,6640,-3050,10618.03,133430.1002
536,7.43E-01,535,-22140.84,-22203.8,-22224.47,22328.43,23175.45,22511.78,22140.84,22203.8,22224.47,-3220,6640,-3150,10623.85,133503.2365
537,7.44E-01,536,-22140.01,-22204.65,-22224.45,22312.41,23177.39,22525.9,22140.01,22204.65,22224.45,-3120,6640,-3250,10636.96,133667.9816
538,7.46E-01,537,-22139.2,-22205.47,-22224.44,22296.75,23178.66,22540.31,22139.2,22205.47,22224.44,-3020,6640,-3350,10657.23,133922.7019
539,7.47E-01,538,-22138.42,-22206.28,-22224.41,22281.47,23179.28,22554.99,22138.42,22206.28,22224.41,-2920,6630,-3440,10684.51,134265.5125
540,7.49E-01,539,-22137.66,-22207.07,-22224.39,22266.6,23179.24,22569.92,22137.66,22207.07,22224.39,-2820,6630,-3540,10718.63,134694.2771
541,7.50E-01,540,-22136.92,-22207.83,-22224.36,22252.13,23178.54,22585.09,22136.92,22207.83,22224.36,-2710,6620,-3640,10759.4,135206.608
542,7.51E-01,541,-22136.21,-22208.58,-22224.32,22238.1,23177.19,22600.48,22136.21,22208.58,22224.32,-2610,6610,-3730,10806.63,135800.1177
543,7.53E-01,542,-22135.52,-22209.31,-22224.28,22224.5,23175.2,22616.07,22135.52,22209.31,22224.28,-2510,6600,-3820,10860.12,136472.2928
544,7.54E-01,543,-22134.85,-22210.02,-22224.23,22211.36,23172.56,22631.84,22134.85,22210.02,22224.23,-2410,6580,-3920,10919.62,137219.9919
545,7.56E-01,544,-22134.22,-22210.71,-22224.18,22198.69,23169.29,22647.77,22134.22,22210.71,22224.18,-2300,6560,-4010,10984.91,138040.4502
546,7.57E-01,545,-22133.61,-22211.37,-22224.12,22186.5,23165.39,22663.84,22133.61,22211.37,22224.12,-2200,6540,-4100,11055.76,138930.7776
547,7.58E-01,546,-22133.02,-22212.02,-22224.06,22174.8,23160.87,22680.04,22133.02,22212.02,22224.06,-2090,6520,-4190,11131.89,139887.4554
548,7.60E-01,547,-22132.47,-22212.65,-22223.98,22163.61,23155.74,22696.35,22132.47,22212.65,22223.98,-1990,6500,-4280,11213.07,140907.5933
549,7.61E-01,548,-22131.94,-22213.26,-22223.9,22152.93,23150,22712.73,22131.94,22213.26,22223.9,-1880,6470,-4360,11299.03,141987.7986
550,7.63E-01,549,-22131.43,-22213.85,-22223.81,22142.78,23143.67,22729.19,22131.43,22213.85,22223.81,-1770,6440,-4450,11389.5,143124.6781
551,7.64E-01,550,-22130.96,-22214.42,-22223.71,22133.16,23136.76,22745.68,22130.96,22214.42,22223.71,-1670,6410,-4530,11484.22,144314.9647
552,7.65E-01,551,-22130.51,-22214.97,-22223.61,22124.09,23129.29,22762.19,22130.51,22214.97,22223.61,-1560,6380,-4620,11582.9,145555.0142
553,7.67E-01,552,-22130.1,-22215.5,-22223.49,22115.57,23121.26,22778.71,22130.1,22215.5,22223.49,-1450,6350,-4700,11685.3,146841.8105
554,7.68E-01,553,-22129.71,-22216.01,-22223.37,22107.61,23112.68,22795.2,22129.71,22216.01,22223.37,-1340,6310,-4780,11791.12,148171.5839
555,7.69E-01,554,-22129.35,-22216.5,-22223.23,22100.22,23103.58,22811.66,22129.35,22216.5,22223.23,-1230,6270,-4860,11900.1,149541.0669
556,7.71E-01,555,-22129.02,-22216.97,-22223.09,22093.41,23093.97,22828.05,22129.02,22216.97,22223.09,-1130,6230,-4940,12011.96,150946.7412
557,7.72E-01,556,-22128.72,-22217.43,-22222.93,22087.18,23083.86,22844.35,22128.72,22217.43,22222.93,-1020,6190,-5010,12126.45,152385.4649
558,7.74E-01,557,-22128.45,-22217.86,-22222.76,22081.54,23073.27,22860.55,22128.45,22217.86,22222.76,-907,6140,-5090,12243.28,153853.594
559,7.75E-01,558,-22128.21,-22218.28,-22222.58,22076.49,23062.21,22876.61,22128.21,22218.28,22222.58,-798,6100,-5160,12362.19,155347.8611
560,7.76E-01,559,-22128,-22218.68,-22222.39,22072.05,23050.71,22892.53,22128,22218.68,22222.39,-688,6050,-5230,12482.91,156864.8734
561,7.78E-01,560,-22127.82,-22219.07,-22222.19,22068.2,23038.78,22908.28,22127.82,22219.07,22222.19,-578,6000,-5300,12605.19,158401.4892
562,7.79E-01,561,-22127.67,-22219.43,-22221.97,22064.96,23026.45,22923.83,22127.67,22219.43,22221.97,-469,5950,-5370,12728.76,159954.3156
563,7.81E-01,562,-22127.55,-22219.78,-22221.74,22062.33,23013.72,22939.16,22127.55,22219.78,22221.74,-359,5890,-5440,12853.36,161520.0854
564,7.82E-01,563,-22127.46,-22220.11,-22221.5,22060.31,23000.62,22954.26,22127.46,22220.11,22221.5,-248,5840,-5510,12978.74,163095.6569
565,7.83E-01,564,-22127.4,-22220.43,-22221.24,22058.9,22987.17,22969.1,22127.4,22220.43,22221.24,-138,5780,-5570,13104.63,164677.6373
566,7.85E-01,565,-22127.37,-22220.73,-22220.96,22058.11,22973.39,22983.66,22127.37,22220.73,22220.96,-28,5720,-5630,13230.77,166262.7593
567,7.86E-01,566,-22127.38,-22221.02,-22220.68,22057.93,22959.29,22997.92,22127.38,22221.02,22220.68,82.3,5660,-5690,13356.93,167848.1327
568,7.88E-01,567,-22127.41,-22221.29,-22220.37,22058.37,22944.91,23011.86,22127.41,22221.29,22220.37,192,5600,-5750,13482.83,169430.2387
569,7.89E-01,568,-22127.47,-22221.54,-22220.05,22059.42,22930.26,23025.45,22127.47,22221.54,22220.05,303,5530,-5810,13608.23,171006.0616
570,7.90E-01,569,-22127.57,-22221.79,-22219.72,22061.09,22915.35,23038.69,22127.57,22221.79,22219.72,413,5470,-5870,13732.86,172572.2084
571,7.92E-01,570,-22127.69,-22222.01,-22219.36,22063.36,22900.22,23051.54,22127.69,22222.01,22219.36,523,5400,-5920,13856.49,174125.7888
572,7.93E-01,571,-22127.85,-22222.23,-22218.99,22066.25,22884.89,23063.99,22127.85,22222.23,22218.99,633,5330,-5970,13978.84,175663.2842
573,7.94E-01,572,-22128.03,-22222.43,-22218.61,22069.74,22869.37,23076.02,22128.03,22222.43,22218.61,742,5260,-6020,14099.67,177181.6788
574,7.96E-01,573,-22128.25,-22222.62,-22218.2,22073.84,22853.69,23087.62,22128.25,22222.62,22218.2,852,5190,-6070,14218.71,178677.5795
575,7.97E-01,574,-22128.5,-22222.8,-22217.78,22078.53,22837.87,23098.76,22128.5,22222.8,22217.78,962,5110,-6110,14335.71,180147.8449
576,7.99E-01,575,-22128.77,-22222.96,-22217.34,22083.82,22821.93,23109.42,22128.77,22222.96,22217.34,1070,5040,-6160,14450.4,181589.0819
577,8.00E-01,576,-22129.08,-22223.12,-22216.89,22089.7,22805.89,23119.6,22129.08,22223.12,22216.89,1180,4960,-6200,14562.53,182998.1491
578,8.01E-01,577,-22129.41,-22223.26,-22216.41,22096.16,22789.78,23129.27,22129.41,22223.26,22216.41,1290,4880,-6240,14671.83,184371.6534
579,8.03E-01,578,-22129.78,-22223.4,-22215.91,22103.2,22773.61,23138.41,22129.78,22223.4,22215.91,1400,4800,-6280,14778.04,185706.3276
580,8.04E-01,579,-22130.17,-22223.52,-22215.4,22110.81,22757.41,23147.02,22130.17,22223.52,22215.4,1500,4720,-6320,14880.89,186998.7788
581,8.06E-01,580,-22130.59,-22223.63,-22214.87,22118.98,22741.2,23155.08,22130.59,22223.63,22214.87,1610,4640,-6350,14980.13,188245.8654
582,8.07E-01,581,-22131.04,-22223.74,-22214.31,22127.7,22724.99,23162.58,22131.04,22223.74,22214.31,1720,4560,-6380,15075.48,189444.0689
583,8.08E-01,582,-22131.52,-22223.83,-22213.74,22136.97,22708.82,23169.49,22131.52,22223.83,22213.74,1830,4470,-6410,15166.68,190590.1219
584,8.10E-01,583,-22132.03,-22223.92,-22213.15,22146.78,22692.7,23175.82,22132.03,22223.92,22213.15,1930,4390,-6440,15253.48,191680.8828
585,8.11E-01,584,-22132.57,-22224,-22212.53,22157.11,22676.66,23181.54,22132.57,22224,22212.53,2040,4300,-6460,15335.62,192713.0845
586,8.13E-01,585,-22133.13,-22224.07,-22211.9,22167.96,22660.7,23186.66,22133.13,22224.07,22211.9,2150,4210,-6490,15412.83,193683.334
587,8.14E-01,586,-22133.72,-22224.14,-22211.25,22179.31,22644.86,23191.15,22133.72,22224.14,22211.25,2250,4120,-6510,15484.88,194588.741
588,8.15E-01,587,-22134.33,-22224.19,-22210.58,22191.16,22629.15,23195.02,22134.33,22224.19,22210.58,2360,4030,-6530,15551.52,195426.1639
589,8.17E-01,588,-22134.97,-22224.25,-22209.89,22203.49,22613.59,23198.24,22134.97,22224.25,22209.89,2460,3940,-6550,15612.5,196192.4612
590,8.18E-01,589,-22135.64,-22224.29,-22209.17,22216.29,22598.21,23200.82,22135.64,22224.29,22209.17,2560,3850,-6560,15667.61,196884.9939
591,8.19E-01,590,-22136.33,-22224.33,-22208.44,22229.55,22583.01,23202.76,22136.33,22224.33,22208.44,2670,3750,-6570,15716.62,197500.8717
592,8.21E-01,591,-22137.05,-22224.37,-22207.69,22243.25,22568.02,23204.03,22137.05,22224.37,22207.69,2770,3660,-6580,15759.32,198037.4558
593,8.22E-01,592,-22137.79,-22224.4,-22206.92,22257.38,22553.26,23204.65,22137.79,22224.4,22206.92,2870,3560,-6590,15795.51,198492.2327
594,8.24E-01,593,-22138.56,-22224.42,-22206.13,22271.92,22538.74,23204.6,22138.56,22224.42,22206.13,2970,3470,-6600,15825.01,198862.9406
595,8.25E-01,594,-22139.35,-22224.44,-22205.32,22286.86,22524.48,23203.89,22139.35,22224.44,22205.32,3070,3370,-6600,15847.66,199147.5689
596,8.26E-01,595,-22140.16,-22224.46,-22204.49,22302.19,22510.5,23202.52,22140.16,22224.46,22204.49,3170,3270,-6600,15863.3,199344.107
597,8.28E-01,596,-22141,-22224.47,-22203.64,22317.88,22496.81,23200.48,22141,22224.47,22203.64,3270,3170,-6600,15871.79,199450.7955
598,8.29E-01,597,-22141.85,-22224.48,-22202.78,22333.92,22483.44,23197.77,22141.85,22224.48,22202.78,3370,3070,-6600,15873.03,199466.3778
599,8.31E-01,598,-22142.73,-22224.49,-22201.89,22350.3,22470.39,23194.4,22142.73,22224.49,22201.89,3460,2970,-6590,15866.91,199389.4716
600,8.32E-01,599,-22143.63,-22224.49,-22200.99,22366.99,22457.68,23190.36,22143.63,22224.49,22200.99,3560,2870,-6590,15853.38,199219.4486
601,8.33E-01,600,-22144.55,-22224.49,-22200.07,22383.99,22445.33,23185.67,22144.55,22224.49,22200.07,3660,2770,-6580,15832.36,198955.3035
602,8.35E-01,601,-22145.48,-22224.49,-22199.13,22401.26,22433.34,23180.33,22145.48,22224.49,22199.13,3750,2660,-6570,15803.85,198597.0362
603,8.36E-01,602,-22146.44,-22224.49,-22198.18,22418.79,22421.74,23174.34,22146.44,22224.49,22198.18,3840,2560,-6550,15767.84,198144.5212
604,8.38E-01,603,-22147.41,-22224.49,-22197.21,22436.57,22410.53,23167.71,22147.41,22224.49,22197.21,3940,2460,-6540,15724.36,197598.1354
605,8.39E-01,604,-22148.4,-22224.48,-22196.22,22454.57,22399.73,23160.44,22148.4,22224.48,22196.22,4030,2350,-6520,15673.45,196958.3815
606,8.40E-01,605,-22149.41,-22224.48,-22195.22,22472.77,22389.36,23152.55,22149.41,22224.48,22195.22,4120,2250,-6500,15615.2,196226.3904
607,8.42E-01,606,-22150.43,-22224.47,-22194.2,22491.16,22379.41,23144.05,22150.43,22224.47,22194.2,4210,2140,-6480,15549.72,195403.5445
608,8.43E-01,607,-22151.47,-22224.46,-22193.17,22509.71,22369.91,23134.94,22151.47,22224.46,22193.17,4290,2030,-6450,15477.14,194491.4773
609,8.44E-01,608,-22152.53,-22224.45,-22192.12,22528.39,22360.86,23125.23,22152.53,22224.45,22192.12,4380,1930,-6430,15397.63,193492.3252
610,8.46E-01,609,-22153.59,-22224.44,-22191.06,22547.2,22352.27,23114.94,22153.59,22224.44,22191.06,4470,1820,-6400,15311.37,192408.35
611,8.47E-01,610,-22154.67,-22224.43,-22189.99,22566.11,22344.16,23104.08,22154.67,22224.43,22189.99,4550,1710,-6370,15218.59,191242.4422
612,8.49E-01,611,-22155.77,-22224.42,-22188.91,22585.1,22336.52,23092.66,22155.77,22224.42,22188.91,4630,1600,-6330,15119.53,189997.6175
613,8.50E-01,612,-22156.87,-22224.41,-22187.81,22604.14,22329.38,23080.7,22156.87,22224.41,22187.81,4720,1500,-6300,15014.46,188677.2689
614,8.51E-01,613,-22157.98,-22224.4,-22186.7,22623.21,22322.74,23068.21,22157.98,22224.4,22186.7,4800,1390,-6260,14903.7,187285.4177
615,8.53E-01,614,-22159.11,-22224.39,-22185.59,22642.3,22316.6,23055.21,22159.11,22224.39,22185.59,4880,1280,-6220,14787.55,185825.8338
616,8.54E-01,615,-22160.24,-22224.38,-22184.46,22661.37,22310.97,23041.71,22160.24,22224.38,22184.46,4950,1170,-6180,14666.38,184303.1667
617,8.56E-01,616,-22161.38,-22224.37,-22183.33,22680.41,22305.85,23027.73,22161.38,22224.37,22183.33,5030,1060,-6140,14540.54,182721.8146
618,8.57E-01,617,-22162.53,-22224.36,-22182.19,22699.4,22301.26,23013.29,22162.53,22224.36,22182.19,5110,949,-6090,14410.45,181087.0554
619,8.58E-01,618,-22163.69,-22224.35,-22181.04,22718.3,22297.2,22998.41,22163.69,22224.35,22181.04,5180,839,-6050,14276.5,179403.7901
620,8.60E-01,619,-22164.85,-22224.35,-22179.88,22737.11,22293.67,22983.1,22164.85,22224.35,22179.88,5250,729,-6000,14139.13,177677.5477
621,8.61E-01,620,-22166.02,-22224.34,-22178.72,22755.79,22290.68,22967.38,22166.02,22224.34,22178.72,5320,618,-5950,13998.8,175914.109
622,8.63E-01,621,-22167.19,-22224.33,-22177.55,22774.32,22288.22,22951.28,22167.19,22224.33,22177.55,5390,508,-5900,13855.95,174119.0029
623,8.64E-01,622,-22168.36,-22224.33,-22176.38,22792.68,22286.31,22934.81,22168.36,22224.33,22176.38,5460,397,-5840,13711.06,172298.2615
624,8.65E-01,623,-22169.54,-22224.33,-22175.21,22810.86,22284.94,22918,22169.54,22224.33,22175.21,5530,286,-5790,13564.62,170458.0422
625,8.67E-01,624,-22170.71,-22224.33,-22174.03,22828.82,22284.12,22900.86,22170.71,22224.33,22174.03,5590,176,-5730,13417.11,168604.3768
626,8.68E-01,625,-22171.89,-22224.32,-22172.86,22846.54,22283.84,22883.42,22171.89,22224.32,22172.86,5650,64.6,-5670,13269.04,166743.6743
627,8.69E-01,626,-22173.07,-22224.32,-22171.68,22864.01,22284.12,22865.69,22173.07,22224.32,22171.68,5710,-46.3,-5610,13120.9,164882.0922
628,8.71E-01,627,-22174.25,-22224.33,-22170.5,22881.19,22284.93,22847.7,22174.25,22224.33,22170.5,5770,-157,-5540,12973.19,163025.9136
629,8.72E-01,628,-22175.42,-22224.33,-22169.32,22898.08,22286.3,22829.48,22175.42,22224.33,22169.32,5830,-268,-5480,12826.42,161181.5474
630,8.74E-01,629,-22176.6,-22224.33,-22168.15,22914.64,22288.21,22811.03,22176.6,22224.33,22168.15,5890,-379,-5410,12681.07,159355.0254
631,8.75E-01,630,-22177.77,-22224.34,-22166.97,22930.87,22290.66,22792.4,22177.77,22224.34,22166.97,5940,-489,-5340,12537.63,157552.5052
632,8.76E-01,631,-22178.93,-22224.34,-22165.8,22946.73,22293.65,22773.59,22178.93,22224.34,22165.8,5990,-600,-5280,12396.59,155780.1443
633,8.78E-01,632,-22180.09,-22224.35,-22164.64,22962.2,22297.19,22754.63,22180.09,22224.35,22164.64,6040,-710,-5200,12258.41,154043.7232
634,8.79E-01,633,-22181.25,-22224.35,-22163.48,22977.27,22301.25,22735.55,22181.25,22224.35,22163.48,6090,-821,-5130,12123.54,152348.8968
635,8.81E-01,634,-22182.4,-22224.36,-22162.32,22991.93,22305.85,22716.36,22182.4,22224.36,22162.32,6140,-931,-5060,11992.43,150701.3199
636,8.82E-01,635,-22183.54,-22224.37,-22161.17,23006.14,22310.97,22697.09,22183.54,22224.37,22161.17,6180,-1040,-4980,11865.5,149106.2705
637,8.83E-01,636,-22184.67,-22224.38,-22160.03,23019.89,22316.61,22677.76,22184.67,22224.38,22160.03,6230,-1150,-4910,11743.15,147568.7751
638,8.85E-01,637,-22185.79,-22224.39,-22158.9,23033.17,22322.77,22658.4,22185.79,22224.39,22158.9,6270,-1260,-4830,11625.76,146093.6088
639,8.86E-01,638,-22186.91,-22224.4,-22157.78,23045.96,22329.44,22639.02,22186.91,22224.4,22157.78,6310,-1370,-4750,11513.71,144685.547
640,8.88E-01,639,-22188.01,-22224.41,-22156.67,23058.24,22336.61,22619.65,22188.01,22224.41,22156.67,6340,-1480,-4670,11407.32,143348.6108
641,8.89E-01,640,-22189.11,-22224.42,-22155.57,23069.99,22344.27,22600.31,22189.11,22224.42,22155.57,6380,-1590,-4580,11306.9,142086.6959
642,8.90E-01,641,-22190.19,-22224.43,-22154.48,23081.21,22352.42,22581.03,22190.19,22224.43,22154.48,6410,-1690,-4500,11212.75,140903.5721
643,8.92E-01,642,-22191.26,-22224.44,-22153.4,23091.88,22361.04,22561.82,22191.26,22224.44,22153.4,6440,-1800,-4420,11125.13,139802.5067
644,8.93E-01,643,-22192.32,-22224.45,-22152.33,23101.98,22370.14,22542.71,22192.32,22224.45,22152.33,6470,-1910,-4330,11044.26,138786.2643
645,8.94E-01,644,-22193.36,-22224.46,-22151.28,23111.5,22379.69,22523.71,22193.36,22224.46,22151.28,6490,-2010,-4240,10970.35,137857.4839
646,8.96E-01,645,-22194.39,-22224.47,-22150.25,23120.43,22389.69,22504.86,22194.39,22224.47,22150.25,6520,-2120,-4150,10903.59,137018.553
647,8.97E-01,646,-22195.4,-22224.48,-22149.23,23128.76,22400.13,22486.16,22195.4,22224.48,22149.23,6540,-2230,-4070,10844.11,136271.1052
648,8.99E-01,647,-22196.4,-22224.48,-22148.22,23136.48,22411,22467.65,22196.4,22224.48,22148.22,6560,-2330,-3970,10792.03,135616.6487
649,9.00E-01,648,-22197.39,-22224.49,-22147.23,23143.58,22422.29,22449.34,22197.39,22224.49,22147.23,6580,-2440,-3880,10747.46,135056.5655
650,9.01E-01,649,-22198.36,-22224.49,-22146.26,23150.06,22433.97,22431.24,22198.36,22224.49,22146.26,6590,-2540,-3790,10710.45,134591.4841
651,9.03E-01,650,-22199.31,-22224.49,-22145.31,23155.9,22446.05,22413.39,22199.31,22224.49,22145.31,6610,-2640,-3700,10681.03,134221.7815
652,9.04E-01,651,-22200.24,-22224.49,-22144.38,23161.1,22458.5,22395.8,22200.24,22224.49,22144.38,6620,-2750,-3600,10659.22,133947.709
653,9.06E-01,652,-22201.16,-22224.49,-22143.46,23165.65,22471.32,22378.49,22201.16,22224.49,22143.46,6630,-2850,-3510,10645.01,133769.1409
654,9.07E-01,653,-22202.06,-22224.49,-22142.57,23169.55,22484.49,22361.47,22202.06,22224.49,22142.57,6630,-2950,-3410,10638.34,133685.3232
655,9.08E-01,654,-22202.94,-22224.48,-22141.7,23172.8,22497.99,22344.77,22202.94,22224.48,22141.7,6640,-3050,-3310,10639.15,133695.5019
656,9.10E-01,655,-22203.8,-22224.47,-22140.84,23175.39,22511.81,22328.4,22203.8,22224.47,22140.84,6640,-3150,-3220,10647.36,133798.6718
657,9.11E-01,656,-22204.65,-22224.46,-22140.01,23177.32,22525.93,22312.38,22204.65,22224.46,22140.01,6640,-3250,-3120,10662.86,133993.4506
658,9.13E-01,657,-22205.47,-22224.44,-22139.21,23178.6,22540.34,22296.72,22205.47,22224.44,22139.21,6640,-3350,-3020,10685.51,134278.0789
659,9.14E-01,658,-22206.28,-22224.42,-22138.42,23179.21,22555.02,22281.45,22206.28,22224.42,22138.42,6630,-3440,-2920,10715.16,134650.6718
660,9.15E-01,659,-22207.07,-22224.39,-22137.66,23179.17,22569.96,22266.58,22207.07,22224.39,22137.66,6630,-3540,-2820,10751.65,135109.2186
661,9.17E-01,660,-22207.83,-22224.36,-22136.92,23178.47,22585.13,22252.11,22207.83,22224.36,22136.92,6620,-3640,-2710,10794.8,135651.4575
662,9.18E-01,661,-22208.58,-22224.32,-22136.21,23177.12,22600.52,22238.08,22208.58,22224.32,22136.21,6610,-3730,-2610,10844.41,136274.8752
663,9.19E-01,662,-22209.31,-22224.28,-22135.52,23175.13,22616.11,22224.49,22209.31,22224.28,22135.52,6590,-3820,-2510,10900.26,136976.707
664,9.21E-01,663,-22210.02,-22224.24,-22134.86,23172.49,22631.88,22211.35,22210.02,22224.24,22134.86,6580,-3920,-2410,10962.14,137754.314
665,9.22E-01,664,-22210.71,-22224.18,-22134.22,23169.22,22647.82,22198.68,22210.71,22224.18,22134.22,6560,-4010,-2300,11029.81,138604.6803
666,9.24E-01,665,-22211.37,-22224.12,-22133.61,23165.32,22663.9,22186.49,22211.37,22224.12,22133.61,6540,-4100,-2200,11103.03,139524.7899
667,9.25E-01,666,-22212.02,-22224.06,-22133.03,23160.79,22680.1,22174.79,22212.02,22224.06,22133.03,6520,-4190,-2090,11181.55,140511.5013
668,9.26E-01,667,-22212.65,-22223.99,-22132.47,23155.66,22696.41,22163.6,22212.65,22223.99,22132.47,6500,-4280,-1990,11265.12,141561.6729
669,9.28E-01,668,-22213.26,-22223.9,-22131.94,23149.92,22712.8,22152.92,22213.26,22223.9,22131.94,6470,-4360,-1880,11353.48,142672.0374
670,9.29E-01,669,-22213.85,-22223.82,-22131.44,23143.59,22729.25,22142.77,22213.85,22223.82,22131.44,6440,-4450,-1770,11446.35,143839.0763
671,9.31E-01,670,-22214.42,-22223.72,-22130.96,23136.69,22745.75,22133.16,22214.42,22223.72,22130.96,6410,-4530,-1670,11543.48,145059.6479
672,9.32E-01,671,-22214.97,-22223.61,-22130.52,23129.21,22762.27,22124.09,22214.97,22223.61,22130.52,6380,-4620,-1560,11644.59,146330.2336
673,9.33E-01,672,-22215.5,-22223.5,-22130.1,23121.18,22778.79,22115.57,22215.5,22223.5,22130.1,6350,-4700,-1450,11749.41,147647.4406
674,9.35E-01,673,-22216.01,-22223.37,-22129.71,23112.6,22795.29,22107.61,22216.01,22223.37,22129.71,6310,-4780,-1340,11857.68,149008.0015
675,9.36E-01,674,-22216.5,-22223.24,-22129.35,23103.5,22811.74,22100.23,22216.5,22223.24,22129.35,6270,-4860,-1230,11969.11,150408.2722
676,9.38E-01,675,-22216.97,-22223.09,-22129.02,23093.89,22828.13,22093.41,22216.97,22223.09,22129.02,6230,-4940,-1130,12083.45,151845.111
677,9.39E-01,676,-22217.43,-22222.94,-22128.72,23083.78,22844.44,22087.19,22217.43,22222.94,22128.72,6190,-5010,-1020,12200.41,153314.8737
678,9.40E-01,677,-22217.86,-22222.77,-22128.45,23073.19,22860.64,22081.55,22217.86,22222.77,22128.45,6140,-5090,-907,12319.74,154814.4187
679,9.42E-01,678,-22218.28,-22222.59,-22128.21,23062.13,22876.71,22076.5,22218.28,22222.59,22128.21,6100,-5160,-798,12441.17,156340.3531
680,9.43E-01,679,-22218.68,-22222.4,-22128,23050.63,22892.64,22072.05,22218.68,22222.4,22128,6050,-5230,-688,12564.42,157889.1583
681,9.44E-01,680,-22219.07,-22222.19,-22127.82,23038.7,22908.38,22068.21,22219.07,22222.19,22127.82,6000,-5310,-578,12689.25,159457.8183
682,9.46E-01,681,-22219.43,-22221.97,-22127.67,23026.37,22923.94,22064.97,22219.43,22221.97,22127.67,5950,-5370,-469,12815.38,161042.8146
683,9.47E-01,682,-22219.78,-22221.74,-22127.55,23013.64,22939.28,22062.34,22219.78,22221.74,22127.55,5890,-5440,-358,12942.56,162641.0057
684,9.49E-01,683,-22220.11,-22221.5,-22127.46,23000.54,22954.38,22060.32,22220.11,22221.5,22127.46,5840,-5510,-248,13070.53,164249.1241
685,9.50E-01,684,-22220.43,-22221.24,-22127.41,22987.09,22969.22,22058.91,22220.43,22221.24,22127.41,5780,-5570,-138,13199.03,165863.9027
686,9.51E-01,685,-22220.73,-22220.97,-22127.38,22973.31,22983.79,22058.12,22220.73,22220.97,22127.38,5720,-5630,-28,13327.82,167482.3256
687,9.53E-01,686,-22221.02,-22220.68,-22127.38,22959.21,22998.05,22057.94,22221.02,22220.68,22127.38,5660,-5690,82.3,13456.62,169100.8741
688,9.54E-01,687,-22221.29,-22220.38,-22127.41,22944.83,23011.99,22058.38,22221.29,22220.38,22127.41,5600,-5750,192,13585.2,170716.6581
689,9.56E-01,688,-22221.54,-22220.06,-22127.48,22930.18,23025.59,22059.43,22221.54,22220.06,22127.48,5530,-5810,303,13713.28,172326.1588
690,9.57E-01,689,-22221.79,-22219.72,-22127.57,22915.28,23038.83,22061.1,22221.79,22219.72,22127.57,5470,-5870,413,13840.63,173926.4861
691,9.58E-01,690,-22222.01,-22219.37,-22127.7,22900.15,23051.69,22063.37,22222.01,22219.37,22127.7,5400,-5920,523,13966.98,175514.247
692,9.60E-01,691,-22222.23,-22219,-22127.85,22884.82,23064.14,22066.26,22222.23,22219,22127.85,5330,-5970,633,14092.08,177086.3
693,9.61E-01,692,-22222.43,-22218.61,-22128.04,22869.3,23076.18,22069.75,22222.43,22218.61,22128.04,5260,-6020,742,14215.68,178639.5034
694,9.63E-01,693,-22222.62,-22218.21,-22128.25,22853.62,23087.78,22073.85,22222.62,22218.21,22128.25,5190,-6070,852,14337.5,180170.3387
695,9.64E-01,694,-22222.8,-22217.79,-22128.5,22837.8,23098.92,22078.54,22222.8,22217.79,22128.5,5110,-6120,961,14457.3,181675.7899
696,9.65E-01,695,-22222.96,-22217.35,-22128.78,22821.86,23109.59,22083.83,22222.96,22217.35,22128.78,5040,-6160,1070,14574.81,183152.4641
697,9.67E-01,696,-22223.12,-22216.89,-22129.08,22805.82,23119.77,22089.7,22223.12,22216.89,22129.08,4960,-6200,1180,14689.77,184597.0941
698,9.68E-01,697,-22223.26,-22216.41,-22129.42,22789.71,23129.44,22096.16,22223.26,22216.41,22129.42,4880,-6240,1290,14801.91,186006.2869
699,9.69E-01,698,-22223.39,-22215.92,-22129.78,22773.54,23138.59,22103.2,22223.39,22215.92,22129.78,4800,-6280,1400,14910.98,187376.9009
700,9.71E-01,699,-22223.52,-22215.4,-22130.17,22757.34,23147.2,22110.81,22223.52,22215.4,22130.17,4720,-6320,1500,15016.71,188705.5433
701,9.72E-01,700,-22223.63,-22214.87,-22130.6,22741.13,23155.26,22118.98,22223.63,22214.87,22130.6,4640,-6350,1610,15118.82,189988.6954
702,9.74E-01,701,-22223.74,-22214.32,-22131.05,22724.93,23162.76,22127.7,22223.74,22214.32,22131.05,4560,-6380,1720,15217.07,191223.3413
703,9.75E-01,702,-22223.83,-22213.74,-22131.53,22708.76,23169.68,22136.97,22223.83,22213.74,22131.53,4470,-6410,1830,15311.18,192405.9624
704,9.76E-01,703,-22223.92,-22213.15,-22132.03,22692.64,23176.01,22146.77,22223.92,22213.15,22132.03,4390,-6440,1930,15400.89,193533.2915
705,9.78E-01,704,-22224,-22212.54,-22132.57,22676.6,23181.74,22157.11,22224,22212.54,22132.57,4300,-6460,2040,15485.94,194602.0614
706,9.79E-01,705,-22224.07,-22211.91,-22133.13,22660.64,23186.85,22167.95,22224.07,22211.91,22133.13,4210,-6490,2150,15566.08,195609.1303
707,9.81E-01,706,-22224.13,-22211.26,-22133.72,22644.8,23191.35,22179.31,22224.13,22211.26,22133.72,4120,-6510,2250,15641.06,196551.3568
708,9.82E-01,707,-22224.19,-22210.58,-22134.34,22629.09,23195.22,22191.15,22224.19,22210.58,22134.34,4030,-6530,2360,15710.62,197425.4735
709,9.83E-01,708,-22224.24,-22209.89,-22134.98,22613.54,23198.45,22203.48,22224.24,22209.89,22134.98,3940,-6550,2460,15774.54,198228.7159
710,9.85E-01,709,-22224.29,-22209.18,-22135.65,22598.15,23201.03,22216.28,22224.29,22209.18,22135.65,3850,-6560,2560,15832.57,198957.9424
711,9.86E-01,710,-22224.33,-22208.45,-22136.34,22582.96,23202.96,22229.54,22224.33,22208.45,22136.34,3750,-6570,2670,15884.49,199610.3884
712,9.88E-01,711,-22224.36,-22207.7,-22137.06,22567.97,23204.24,22243.23,22224.36,22207.7,22137.06,3660,-6580,2770,15930.1,200183.5405
713,9.89E-01,712,-22224.39,-22206.93,-22137.8,22553.21,23204.86,22257.36,22224.39,22206.93,22137.8,3560,-6590,2870,15969.2,200674.8856
714,9.90E-01,713,-22224.42,-22206.14,-22138.56,22538.69,23204.82,22271.9,22224.42,22206.14,22138.56,3460,-6600,2970,16001.6,201082.036
715,9.92E-01,714,-22224.44,-22205.33,-22139.35,22524.43,23204.11,22286.84,22224.44,22205.33,22139.35,3370,-6600,3070,16027.12,201402.7298
716,9.93E-01,715,-22224.46,-22204.5,-22140.16,22510.46,23202.73,22302.16,22224.46,22204.5,22140.16,3270,-6600,3170,16045.63,201635.3333
717,9.94E-01,716,-22224.47,-22203.65,-22141,22496.77,23200.69,22317.86,22224.47,22203.65,22141,3170,-6600,3270,16056.97,201777.836
718,9.96E-01,717,-22224.48,-22202.78,-22141.86,22483.4,23197.99,22333.9,22224.48,22202.78,22141.86,3070,-6600,3370,16061.03,201828.8554
719,9.97E-01,718,-22224.49,-22201.9,-22142.73,22470.35,23194.62,22350.27,22224.49,22201.9,22142.73,2970,-6600,3460,16057.72,201787.2607
720,9.99E-01,719,-22224.49,-22201,-22143.63,22457.64,23190.58,22366.96,22224.49,22201,22143.63,2870,-6590,3560,16046.96,201652.0466
721,1.00E+00,720,-22224.49,-22200.07,-22144.55,22445.29,23185.89,22383.95,22224.49,22200.07,22144.55,2770,-6580,3650,16028.69,201422.459
